title,vendor,product_type,price,sku,created_at,shape,foam,game_level,frame,surface,color,racket_type,balance,gender,weight
Raquette de padel Babolat Air Viper 2025,Babolat,Raquettes,269.9,8732,2024-12-18 15:42:49+00:00,forme,mousse,expert,carbone,sand,bleu,,,,poids
Raquette de padel Head Vibe Vert 2026,Head,Raquettes,89.9,12204,2026-01-08 09:39:30+00:00,forme,foam,,carbone,,,,,,
Raquette de padel Starvie Nyra 2026,Starvie,Raquettes,114.9,12082,2026-01-02 09:56:00+00:00,forme,mousse,,carbone,,,,,,poids
Raquette de padel Starvie Arkos 2026,Starvie,Raquettes,114.9,12081,2026-01-02 09:02:03+00:00,forme,mousse,,carbone,,bleu,,,,
Raquette de padel Starvie Polaris 2026,Starvie,Raquettes,156.9,12080,2025-12-31 16:14:32+00:00,forme,mousse,,carbone,,,polyvalente,,,
Raquette de padel Starvie Kenta+ 2026,Starvie,Raquettes,237.9,12079,2025-12-31 14:44:31+00:00,,mousse,,carbone,,,,,,
Raquette de padel Starvie Drax+ 2026,Starvie,Raquettes,242.9,12078,2025-12-31 14:25:37+00:00,forme,mousse,,carbone,,,polyvalente,balance,,
Raquette de padel Starvie Triton Balance + 2026,Starvie,Raquettes,264.9,12076,2025-12-31 14:04:26+00:00,forme,mousse,,carbone,,,polyvalente,balance,,poids
Raquette de padel Starvie Triton Power+ 2026,Starvie,Raquettes,265.9,12074,2025-12-31 11:19:55+00:00,forme,mousse,,carbone,,,,balance,,
Raquette de padel Starvie Raptor+ 2026,Starvie,Raquettes,281.9,12070,2025-12-31 11:10:37+00:00,forme,mousse,,carbon,,,polyvalente,balance,,poids
Raquette de padel Starvie Astrum+ 2026,Starvie,Raquettes,239.9,12072,2025-12-31 10:33:46+00:00,forme,mousse,,carbone,,,polyvalente,balance,,
Raquette de padel Dunlop Nanomax Pro 2026,Dunlop,Raquettes,114.9,11571,2025-11-06 08:33:57+00:00,forme,mousse,,,,,,,,
Raquette de padel Head Bolt Gris 2026,Head,Raquettes,89.9,12182,2026-01-07 10:29:47+00:00,,foam,,carbone,,,,,,poids
Raquette de padel Head Bolt Rouge 2026,Head,Raquettes,89.9,12179,2026-01-07 09:54:07+00:00,forme,foam,,carbone,,rouge,,,,
Raquette de padel Starvie Black Titan 2026,Starvie,Raquettes,289.9,12067,2025-12-31 09:38:26+00:00,forme,mousse,,carbone,,,,balance,,poids
Raquette de padel Dunlop Megamax Silver 2026,Dunlop,Raquettes,69.9,11573,2025-11-06 09:28:49+00:00,forme,mousse,,,,,,,,
Raquette de padel Dunlop Nanomax Lite 2026,Dunlop,Raquettes,94.9,11572,2025-11-06 08:56:30+00:00,forme,mousse,,,sablée,,polyvalente,,,poids
Raquette de padel Wilson Bela Elite V2.5,Wilson,Raquettes,129.9,7148,2024-03-25 15:39:51+00:00,forme,mousse,,carbone,,rouge,,,,
Mini Raquette Bullpadel Neuron 02 Edge Tour Final 26,Bullpadel,Accessoire,34.9,12003,2025-12-23 15:54:37+00:00,,,,,,,,,,
Mini Raquette Bullpadel Hack 04 Tour Final 26,Bullpadel,Accessoire,34.9,12002,2025-12-23 15:29:49+00:00,,,,,,,,,,
Raquette de padel Royal Padel Whip Light 2026,Royal Padel,Raquettes,259.9,11944,2025-12-17 09:24:14+00:00,,,,carbone,,noir,,,,poids
Mini Raquette Bullpadel Vertex 05 Tour Final 26,Bullpadel,Accessoire,34.9,12004,2025-12-23 16:09:46+00:00,,,,,,,,,,
Raquette de padel Bullpadel Spirit 2026,Bullpadel,Raquettes,69.9,11221,2025-10-16 13:53:16+00:00,forme,mousse,,carbone,,bleu,polyvalente,,,
Pack Siux Electra Pro SE Black 2026,Siux,Raquettes,368.9,12188,2026-01-07 13:08:01+00:00,forme,mousse,,carbone,sand,rouge,,,,
Raquette de padel Royal Padel 36 Aniversario Poly 2026,Royal Padel,Raquettes,319.9,12065,2025-12-31 08:17:07+00:00,forme,mousse,,carbone,sablée,noir,,,,
Raquette de padel Royal Padel 36 Aniversario Light 2026,Royal Padel,Raquettes,319.9,12064,2025-12-30 15:51:11+00:00,forme,mousse,,carbone,,,,,,
Raquette de padel Royal Padel Japan Pro Rouge 2026,Royal Padel,Raquettes,319.9,12063,2025-12-30 15:44:31+00:00,forme,mousse,,carbone,sablée,rouge,,,,
Raquette de padel Royal Padel Whip Extreme 2026,Royal Padel,Raquettes,289.9,11945,2025-12-17 09:36:21+00:00,forme,mousse,,carbone,sablée,,,,,
Raquette de padel Royal Padel Japan Pro Bleu 2026,Royal Padel,Raquettes,319.9,11943,2025-12-17 09:22:51+00:00,forme,mousse,,carbone,sablée,bleu,,,,poids
Raquette de padel Royal Padel Whip Poly 2026,Royal Padel,Raquettes,259.9,11941,2025-12-17 09:02:07+00:00,,,,carbone,,rouge,polyvalente,,,
Raquette de padel Royal Padel Efe Extreme 2026,Royal Padel,Raquettes,159.9,11942,2025-12-17 09:01:51+00:00,forme,mousse,,carbone,,,,,,
Raquette de padel Bullpadel Hack 04 Junior 2026,Bullpadel,Raquettes,89.9,11987,2025-12-22 10:29:14+00:00,forme,mousse,,carbone,,,,,,poids
Raquette de padel Sane Potential Professional Edition,Sane,Raquettes,229.9,11417,2025-10-30 08:41:02+00:00,forme,mousse,,carbone,,,,,,
Raquette de padel Bullpadel Vertex Junior Girl 2026,Bullpadel,Raquettes,89.9,11218,2025-10-14 12:40:57+00:00,forme,mousse,,carbone,,white,,,,poids
Raquette de padel Bullpadel Vertex Junior Boy 2026,Bullpadel,Raquettes,89.9,11217,2025-10-14 12:40:54+00:00,forme,mousse,,carbone,,white,,,,poids
Raquette de padel Bullpadel Hack 04 Tour Final LTD 2026,Bullpadel,Raquettes,389.9,11197,2025-10-13 13:27:40+00:00,forme,mousse,,carbone,,rouge,,,,weight
Pack Wilson Bela Pro 2.5,Wilson,Raquettes,229.9,12013,2025-12-24 13:48:33+00:00,forme,mousse,expert,carbone,,rouge,,,,
Raquette de padel Adidas Metalbone Carbon Control 3.4 2025,Adidas,Raquettes,159.9,8579,2024-11-22 11:26:40+00:00,forme,mousse,,carbone,,,,,,
Raquette de padel Tecnifibre Wall Master 370,Tecnifibre,Raquettes,99.9,4762,2023-06-09 12:38:18+00:00,forme,,,carbone,sablée,,,,,poids
Raquette de padel Bullpadel Elite Woman Tour Final LTD 2026,Bullpadel,Raquettes,299.9,11202,2025-10-14 09:14:14+00:00,forme,mousse,,carbon,,,,,,weight
Raquette de padel Bullpadel Vertex 05 Tour Final LTD 2026,Bullpadel,Raquettes,389.9,11198,2025-10-13 14:46:03+00:00,forme,mousse,,carbone,,,,,,weight
Raquette de padel Bullpadel Neuron 02 Edge Tour Final LTD 2026,Bullpadel,Raquettes,389.9,11201,2025-10-14 08:55:49+00:00,forme,mousse,,carbone,,,,,,weight
Raquette de padel Bullpadel Vertex Advance 2026,Bullpadel,Raquettes,139.9,11205,2025-10-14 12:40:27+00:00,forme,mousse,,carbone,,noir,,,,poids
Raquette de padel Bullpadel Hack 02 Advance 2026,Bullpadel,Raquettes,124.9,11204,2025-10-14 12:40:22+00:00,forme,mousse,,carbone,,,,,,poids
Raquette de padel Nox AT10 Pro Cup Hard 2025,Nox,Raquettes,139.9,7986,2024-09-24 13:42:05+00:00,forme,mousse,,carbone,,,,,,
Raquette de padel Osaka Pro Tour LTD Control 2026,Osaka,Raquettes,299.9,10698,2025-07-23 10:30:16+00:00,forme,foam,,carbone,,noir,,,,
Raquette de padel Osaka Raul Marcos Pro Power 2026,Osaka,Raquettes,219.9,10697,2025-07-23 10:30:12+00:00,forme,foam,,carbone,sablée,,,,,
Raquette de padel Osaka Vision Pro Control 2026,Osaka,Raquettes,199.9,10696,2025-07-23 10:30:08+00:00,forme,foam,,carbone,sablée,noir,,,,
Raquette de padel Osaka Vision Pro Power 2026,Osaka,Raquettes,199.9,10695,2025-07-23 10:30:05+00:00,forme,foam,,carbone,sand,noir,,,,
Raquette de padel Osaka Vision Control 2026,Osaka,Raquettes,129.9,10694,2025-07-23 10:30:01+00:00,forme,foam,,carbone,sablée,,,,,
Raquette de padel Osaka Vision Power 2026,Osaka,Raquettes,129.9,10693,2025-07-23 10:29:58+00:00,forme,foam,,carbone,sablée,bleu,,,,
Raquette de padel Osaka Pro Tour LTD Power 2026,Osaka,Raquettes,299.9,10692,2025-07-23 10:29:53+00:00,forme,mousse,,carbone,,noir,,,,
Raquette de padel Head Xenon 2025,Head,Raquettes,59.9,11959,2025-12-18 10:19:19+00:00,forme,foam,,carbone,,noir,,,,poids
Raquette de padel Royal Padel M27 Light 2026,Royal Padel,Raquettes,349.9,11940,2025-12-16 16:26:53+00:00,forme,mousse,,carbone,,,,,,poids
Raquette de padel Royal Padel M27 Poly 2026,Royal Padel,Raquettes,349.9,11939,2025-12-16 15:51:51+00:00,forme,,,carbone,,,,,,poids
Raquette de padel Wilson Bela LS V3 2025,Wilson,Raquettes,169.9,10358,2025-06-05 07:57:51+00:00,forme,foam,,carbone,,rouge,,,,poids
Raquette de padel Head Extreme One,Head,Raquettes,159.9,5209,2023-09-01 11:59:09+00:00,forme,foam,,carbone,,,,,,poids
Raquette de padel Adidas Cross It Control 3.4 2025,Adidas,Raquettes,204.9,8588,2024-11-25 10:47:17+00:00,forme,mousse,,carbone,,,,,,
Raquette de padel Pro Kennex Black Ace Bleu,Pro Kennex,Raquettes,349.9,11936,2025-12-08 13:46:22+00:00,forme,foam,,carbone,,bleu,,,,
Raquette de padel Pro Kennex Black Ace Rouge,Pro Kennex,Raquettes,349.9,11935,2025-12-08 13:13:46+00:00,forme,foam,,carbone,,rouge,,,,
Raquette de padel Siux Fenix Pro VI Black Edition by Leo Augsburger 2026,Siux,Raquettes,349.9,11333,2025-10-24 08:33:52+00:00,forme,mousse,,carbone,,,,,,poids
RAQUETTE DE TEST - Raquette de padel Babolat Veron 3.0 Juan Lebron 2026,Babolat,Programme test,150.0,11934,2025-12-08 10:34:51+00:00,,,,,,,,,,
RAQUETTE DE TEST - Raquette de padel Babolat Viper Soft 3.0 Juan Lebron 2026,Babolat,Programme test,150.0,11933,2025-12-08 10:31:57+00:00,,,,,,,,,,
RAQUETTE DE TEST - Raquette de padel Babolat Viper Juan Lebron 3.0 2026,Babolat,Programme test,150.0,11932,2025-12-08 10:04:31+00:00,,,,,,,,,,
RAQUETTE DE TEST - Raquette de padel Bullpadel Ionic Light 2026,Bullpadel,Programme test,150.0,11612,2025-11-14 15:41:26+00:00,,,,,,,,,,
Raquette de padel Dunlop Galactica OS 2025,Dunlop,Raquettes,214.9,11510,2025-11-05 10:16:49+00:00,forme,mousse,,carbone,,,,,,
Raquette de padel Dunlop Galactica OS Lite 2025,Dunlop,Raquettes,189.9,11511,2025-11-05 10:11:47+00:00,forme,mousse,,carbone,,noir,,,,poids
Raquette de padel Royal Padel Junior 2026,Royal Padel,Raquettes,79.9,11899,2025-12-04 10:30:03+00:00,forme,,,,,,,,,poids
Raquette de padel Royal Padel Control 2026,Royal Padel,Raquettes,349.9,11894,2025-12-04 09:01:17+00:00,,mousse,,carbone,,white,polyvalente,,,
Raquette de padel Royal Padel R-Ace 2026,Royal Padel,Raquettes,349.9,11893,2025-12-04 08:21:01+00:00,forme,mousse,,carbone,sablée,,,,,poids
Raquette de padel Royal Padel Fury 2026,Royal Padel,Raquettes,349.9,11892,2025-12-04 08:16:53+00:00,,mousse,,carbone,,,attaque,,,
Raquette de padel Royal Padel 130 Factor 2026,Royal Padel,Raquettes,99.9,11895,2025-12-04 09:25:39+00:00,forme,mousse,,,,,,,,
Raquette de padel Dunlop FX Junior 2026,Dunlop,Raquettes,64.9,11574,2025-11-06 09:45:10+00:00,forme,mousse,,,,,,,,
Raquette de padel Dunlop FX Start 2026,Dunlop,Raquettes,79.9,11570,2025-11-06 07:42:33+00:00,forme,mousse,,,,noir,polyvalente,,,
Raquette de padel Dunlop FX Team 2026,Dunlop,Raquettes,159.9,11569,2025-11-05 16:18:18+00:00,forme,mousse,,carbone,,noir,,,,
Raquette de padel Dunlop FX Lite 2026,Dunlop,Raquettes,224.9,11566,2025-11-05 15:02:53+00:00,forme,mousse,,carbone,,,,,,poids
Raquette de padel Dunlop FX Pro 2026,Dunlop,Raquettes,269.9,11565,2025-11-05 14:55:27+00:00,forme,mousse,,carbone,,,,,,
Raquette de padel Head Radical Team Light 2026,Head,Raquettes,149.9,11620,2025-11-17 10:34:28+00:00,forme,foam,,,,,,,,poids
Raquette de padel Head Radical Team 2026,Head,Raquettes,179.9,11619,2025-11-17 10:09:53+00:00,,foam,,carbone,,,,,,poids
Raquette de padel Head Radical Motion 2026,Head,Raquettes,199.9,11618,2025-11-17 09:11:39+00:00,forme,foam,,carbone,,,,,,poids
Raquette de padel Head Radical Pro 2026,Head,Raquettes,239.9,11617,2025-11-17 08:35:40+00:00,forme,foam,,carbone,,,,,,poids
Raquette de padel Oxdog Pure Court 2026,Oxdog,Raquettes,149.9,11882,2025-12-03 08:40:49+00:00,forme,foam,,carbone,,,polyvalente,balance,,poids
Raquette de padel Oxdog Pure Tour X 2026,Oxdog,Raquettes,249.9,11881,2025-12-03 08:24:23+00:00,forme,foam,,carbone,,,,balance,,poids
Raquette de padel Oxdog Pure Pro + 2026,Oxdog,Raquettes,299.9,11880,2025-12-03 07:28:44+00:00,forme,foam,,carbone,sablée,,,balance,,poids
Raquette de padel Oxdog Hyper Tour X 2.0 2026,Oxdog,Raquettes,249.9,11879,2025-12-02 16:07:21+00:00,,,,carbone,,,polyvalente,balance,,poids
Raquette de padel Oxdog Hyper Pro 2.0 2026,Oxdog,Raquettes,309.9,11878,2025-12-02 15:17:26+00:00,forme,foam,,carbone,,,attaque,balance,,poids
Raquette de padel Oxdog Hyper Pro+ 2.0 2026,Oxdog,Raquettes,319.9,11877,2025-12-02 15:10:41+00:00,forme,foam,,carbone,sablée,,,balance,,poids
Raquette de padel Oxdog Ultimate Nxt Gen 2026,Oxdog,Raquettes,179.9,11876,2025-12-02 14:56:10+00:00,forme,foam,,carbone,,white,,balance,,poids
Raquette de padel Oxdog Ultimate Tour X 2026,Oxdog,Raquettes,259.9,11875,2025-12-02 14:23:20+00:00,forme,foam,,carbone,sablée,,,balance,,poids
Raquette de padel Oxdog Ultimate Pro Smash 2026,Oxdog,Raquettes,329.9,11874,2025-12-02 14:15:09+00:00,forme,mousse,,carbone,,,,balance,,poids
Raquette de padel Oxdog Ultimate Pro 2026,Oxdog,Raquettes,329.9,11873,2025-12-02 13:26:08+00:00,forme,foam,,carbone,,,,balance,,poids
Raquette de padel Oxdog Ultimate Pro + 2026,Oxdog,Raquettes,339.9,11871,2025-12-02 11:22:59+00:00,forme,foam,,carbone,,,,balance,,poids
Raquette de padel Oxdog Ultimate Pro Light 2026,Oxdog,Raquettes,319.9,10800,2025-08-21 08:32:18+00:00,forme,mousse,,carbone,,,,balance,,poids
Raquette de padel Head Flash Pro 2.0,Head,Raquettes,79.9,5801,2023-10-26 15:13:08+00:00,forme,foam,,carbone,,,polyvalente,,,
Raquette de padel Oxdog Sense Pro 2025,Oxdog,Raquettes,239.9,8508,2024-11-18 14:35:05+00:00,forme,mousse,,carbone,sablée,,attaque,balance,,poids
Pack Head Coello Vibe,Head,Raquettes,139.9,10777,2025-08-05 10:01:36+00:00,forme,foam,,carbone,,bleu,,,,
Raquette de padel Babolat Veron 3.0 Juan Lebron 2026,Babolat,Raquettes,239.9,10700,2025-07-28 12:21:36+00:00,forme,mousse,,carbone,,,attaque,,,
Raquette de padel Babolat Viper Soft 3.0 Juan Lebron 2026,Babolat,Raquettes,299.9,10577,2025-07-07 06:44:47+00:00,forme,mousse,expert,carbone,,,attaque,,,
Raquette de padel Babolat Viper Juan Lebron 3.0 2026,Babolat,Raquettes,379.9,10576,2025-07-04 08:13:36+00:00,forme,mousse,,carbone,sand,,,,,
Raquette de padel Head Extreme One 2025,Head,Raquettes,279.9,10762,2025-07-30 12:43:11+00:00,forme,foam,,carbone,,,,,,poids
Raquette de padel Head Extreme One X 2025,Head,Raquettes,299.9,10761,2025-07-30 12:43:08+00:00,forme,foam,,carbone,,,,,,
Raquette de padel Adidas Arrow Hit Carbon Control 2026,Adidas,Raquettes,249.9,11301,2025-10-22 14:50:26+00:00,forme,mousse,,carbone,,,,,,
Raquette de padel Adidas Arrow Hit Carbon Attack 2026,Adidas,Raquettes,249.9,11300,2025-10-22 13:59:13+00:00,forme,mousse,,carbone,,,,,,poids
Raquette de padel Adidas Arrow Hit Control 2026,Adidas,Raquettes,379.9,11285,2025-10-22 09:23:51+00:00,forme,mousse,,carbone,,,,balance,,poids
Raquette de padel Adidas Arrow Hit Attack 2026,Adidas,Raquettes,379.9,11283,2025-10-22 08:32:18+00:00,forme,mousse,,carbone,,,attaque,balance,,poids
Raquette de padel Adidas Match Light 3.5 2026,Adidas,Raquettes,74.9,11321,2025-10-23 12:46:45+00:00,forme,mousse,,,,noir,attaque,,,weight
Raquette de padel Adidas Match Vert 3.5 2026,Adidas,Raquettes,74.9,11320,2025-10-23 12:35:30+00:00,forme,mousse,,carbone,,bleu,polyvalente,,,
Raquette de padel Adidas Match Orange 3.5 2026,Adidas,Raquettes,74.9,11319,2025-10-23 12:13:47+00:00,forme,mousse,,,,,,,,
Raquette de padel Adidas Drive Light 3.5 2026,Adidas,Raquettes,79.9,11318,2025-10-23 12:05:29+00:00,forme,mousse,,carbone,,,,,,weight
Raquette de padel Adidas Drive Noir 3.5 2026,Adidas,Raquettes,79.9,11317,2025-10-23 10:20:01+00:00,forme,mousse,,,,noir,,,,
Raquette de padel Adidas Drive Bleu 3.5 2026,Adidas,Raquettes,79.9,11315,2025-10-23 09:27:03+00:00,forme,mousse,,,,bleu,,,,
Raquette de padel Adidas RX Series Light 2026,Adidas,Raquettes,119.9,11312,2025-10-23 09:00:36+00:00,forme,mousse,,carbone,,,,,,weight
Raquette de padel Adidas RX Series 2026,Adidas,Raquettes,119.9,11311,2025-10-23 08:51:01+00:00,forme,mousse,,carbone,,,,,,poids
Raquette de padel Adidas Cross It Team Light 3.5 2026,Adidas,Raquettes,179.9,11310,2025-10-23 08:44:05+00:00,forme,mousse,,,,,,,,weight
Raquette de padel Adidas Cross It Carbon Control 3.5 2026,Adidas,Raquettes,279.9,11309,2025-10-23 08:28:01+00:00,forme,mousse,,carbone,,,,,,
Raquette de padel Adidas Metalbone Team Light 3.5 2026,Adidas,Raquettes,199.9,11308,2025-10-23 08:17:04+00:00,forme,mousse,,,,,,,,weight
Raquette de padel Adidas Metalbone Carbon Control 3.5 2026,Adidas,Raquettes,249.9,11307,2025-10-23 08:12:50+00:00,forme,mousse,,carbone,,noir,,,,
Raquette de padel Adidas Cross It Carbon 3.5 2026,Adidas,Raquettes,279.9,11305,2025-10-23 07:44:28+00:00,forme,mousse,,carbone,,,attaque,,,
Raquette de padel Adidas Cross It Light 3.5 2026,Adidas,Raquettes,299.9,11306,2025-10-23 07:44:02+00:00,forme,mousse,,carbone,,,,,,weight
Raquette de padel Adidas Arrow Hit Junior Rose,Adidas,Raquettes,74.9,11303,2025-10-23 07:38:13+00:00,forme,mousse,,,,bleu,,,,poids
Raquette de padel Adidas Cross It Control 3.5 2026,Adidas,Raquettes,349.9,11304,2025-10-23 07:32:09+00:00,forme,mousse,,carbone,,,,,,
Raquette de padel Adidas Arrow Hit Junior Bleu 2026,Adidas,Raquettes,74.9,11302,2025-10-23 06:02:25+00:00,forme,mousse,,,,bleu,,,,poids
Raquette de padel Adidas Cross It Team Control 3.5 2026,Adidas,Raquettes,179.9,11299,2025-10-22 13:58:44+00:00,forme,mousse,,,,,,,,
Raquette de padel Adidas Metalbone Superlight 3.5 2026,Adidas,Raquettes,149.9,11288,2025-10-22 09:35:47+00:00,forme,mousse,,,,,,,,weight
Raquette de padel Adidas Metalbone Team 3.5 2026,Adidas,Raquettes,199.9,11287,2025-10-22 09:33:14+00:00,forme,mousse,,,,,,,,
Raquette de padel Adidas Metalbone Carbon 3.5 2026,Adidas,Raquettes,249.9,11286,2025-10-22 09:30:30+00:00,forme,mousse,,carbone,,rouge,,,,
Raquette de padel Adidas Metalbone Control 3.5 2026,Adidas,Raquettes,369.9,11284,2025-10-22 08:34:52+00:00,forme,mousse,,carbone,,noir,,balance,,weight
Raquette de padel Adidas Metalbone HRD+ 3.5 2026,Adidas,Raquettes,369.9,11282,2025-10-22 08:31:14+00:00,forme,mousse,,carbone,,,,balance,,weight
Raquette de padel Adidas Metalbone 3.5 2026,Adidas,Raquettes,369.9,11280,2025-10-22 08:22:05+00:00,forme,mousse,,carbone,,,,balance,,weight
Raquette de padel Nox VK10 By Aranzazu Osoro 2024,Nox,Raquettes,199.9,6673,2024-02-02 10:01:38+00:00,forme,mousse,,carbone,,,,,,
Raquette de padel Nox Elite FR Exclusive 2025,Nox,Raquettes,129.9,9861,2025-04-03 14:16:56+00:00,forme,mousse,,,,,,,,
Raquette de padel Siux Electra ST4 Elite 2025,Siux,Raquettes,169.9,9147,2025-02-04 10:41:45+00:00,forme,mousse,,carbone,sablée,,,,,
Raquette de padel Bullpadel Ionic Light 2026,Bullpadel,Raquettes,149.9,11216,2025-10-14 12:40:52+00:00,forme,mousse,,carbone,,white,,,,poids
Raquette de padel Bullpadel Ionic Control 2026,Bullpadel,Raquettes,179.9,11215,2025-10-14 12:40:50+00:00,forme,mousse,,carbone,,white,,,,
Raquette de padel Bullpadel Ionic Power 2026,Bullpadel,Raquettes,179.9,11214,2025-10-14 12:40:48+00:00,forme,mousse,,carbone,,,,,,
Raquette de padel Macron Hero Pro Power X Ducati,Macron,Raquettes,378.9,11606,2025-11-14 15:28:23+00:00,forme,mousse,,carbone,,,,,,poids
Raquette de padel Macron x Ducati Hero Pro Control,Macron,Raquettes,378.9,11607,2025-11-14 15:22:42+00:00,forme,mousse,,carbone,sablée,rouge,,,,
Raquette de padel Macron Tridens Stealth ll,Macron,Raquettes,344.9,11605,2025-11-14 15:00:57+00:00,,mousse,,carbone,,,,,,
Raquette de padel Macron Poseidon ll,Macron,Raquettes,248.9,11604,2025-11-14 14:11:14+00:00,forme,mousse,,carbone,,,,,,
Raquette de padel Macron Leonidas Light Powder,Macron,Raquettes,168.9,11603,2025-11-14 11:03:40+00:00,forme,mousse,,carbone,,,,,,weight
Raquette de padel Macron Leonidas Gold,Macron,Raquettes,168.9,11602,2025-11-14 10:47:19+00:00,forme,mousse,,carbone,,noir,,,,
Raquette de padel Macron Poseidon Shadow ll,Macron,Raquettes,244.9,11601,2025-11-14 10:37:20+00:00,forme,mousse,,carbone,,noir,,,,
Raquette de padel Macron Tridens Stealth Pro,Macron,Raquettes,338.9,11600,2025-11-14 10:21:13+00:00,forme,mousse,,carbone,sablée,noir,,,,
Raquette de padel Macron Ares Pro,Macron,Raquettes,288.9,11598,2025-11-14 09:26:38+00:00,forme,mousse,,carbone,,,attaque,,,
Raquette de padel Macron Leonidas Light,Macron,Raquettes,168.9,11597,2025-11-14 09:01:00+00:00,forme,mousse,,carbone,,bleu,,,,weight
Raquette de padel Macron Leonidas,Macron,Raquettes,168.9,11596,2025-11-14 08:36:56+00:00,forme,mousse,,carbone,,noir,,,,
Raquette de padel Macron Poseidon Premium,Macron,Raquettes,244.9,11595,2025-11-13 15:49:40+00:00,forme,mousse,,carbone,,noir,,,,
Raquette de padel Macron Tridens Pro,Macron,Raquettes,344.9,11594,2025-11-13 15:43:02+00:00,forme,mousse,,carbone,sablée,noir,,,,poids
Raquette de padel Macron Next Gen l Junior,Macron,Raquettes,98.9,11805,2025-11-13 08:56:52+00:00,forme,mousse,,,,noir,,,,weight
Raquette de padel Macron Aspire Control l,Macron,Raquettes,248.9,11804,2025-11-13 08:40:56+00:00,forme,mousse,,carbone,sablée,,,,,
Raquette de padel Macron Elite Control l,Macron,Raquettes,298.9,11803,2025-11-13 08:05:32+00:00,forme,mousse,,carbone,,,,,,
Raquette de padel Macron Hero Pro Control l,Macron,Raquettes,348.9,11802,2025-11-12 16:06:21+00:00,forme,mousse,,carbone,,,,,,
Raquette de padel Macron Aspire Power l,Macron,Raquettes,248.9,11801,2025-11-12 15:33:59+00:00,forme,mousse,,carbone,,,,,,
Raquette de padel Macron Elite Power l,Macron,Raquettes,298.9,11800,2025-11-12 14:48:55+00:00,forme,mousse,,carbone,,noir,attaque,,,
Raquette de padel Macron Hero Pro Power l,Macron,Raquettes,348.9,11575,2025-11-12 13:53:07+00:00,forme,mousse,,carbone,,,,,,poids
Raquette de padel Nox X-Hero Bleu 2026,Nox,Raquettes,64.9,11806,2025-11-19 09:04:31+00:00,forme,mousse,,carbone,,bleu,,,,poids
Raquette de padel Nox X-Zero Bleu 2026,Nox,Raquettes,64.9,11809,2025-11-19 10:07:43+00:00,forme,mousse,,carbone,,bleu,,,,poids
Raquette de padel Nox X-Zero Rouge 2026,Nox,Raquettes,64.9,11808,2025-11-19 10:04:06+00:00,forme,mousse,,carbone,,rouge,,,,poids
Raquette de padel Nox X-Hero Rouge 2026,Nox,Raquettes,64.9,11807,2025-11-19 09:12:35+00:00,forme,mousse,,carbone,,rouge,,,,poids
Raquette de padel Bullpadel Vertex 02 Hybrid Carbon,Bullpadel,Raquettes,139.9,7924,2024-09-16 12:27:46+00:00,forme,mousse,,carbone,,noir,polyvalente,,,
Raquette de padel Bullpadel Vertex 02 Hybrid,Bullpadel,Raquettes,109.9,7925,2024-09-16 13:02:11+00:00,forme,mousse,,carbone,sablée,,polyvalente,,,
Raquette de padel Bullpadel Neuron Cloud 2025,Bullpadel,Raquettes,189.9,9603,2025-03-03 07:41:44+00:00,,mousse,,carbone,,,,,,
Raquette de padel Bullpadel Indiga Power 2025,Bullpadel,Raquettes,74.9,8774,2024-12-26 07:42:47+00:00,forme,mousse,,carbone,,,,,,
Raquette de padel Head Bolt Noir 2025,Head,Raquettes,89.9,9812,2025-03-17 08:53:14+00:00,forme,foam,,carbone,,noir,,,,
Raquette de padel Tecnifibre Wall Breaker 360 W,Tecnifibre,Raquettes,89.9,9167,2025-02-05 10:54:22+00:00,forme,foam,,carbone,,,,,,
Mini Raquette Head Speed Pro,Head,Accessoire,24.9,11430,2025-10-30 15:40:21+00:00,,,,,,,,,,
Mini Raquette Head Coello Pro,Head,Accessoire,24.9,11427,2025-10-30 14:58:19+00:00,,,,,,,,,,
Raquette de padel Head Extreme Pro LTD 2024 Arturo Coello,Head,Raquettes,149.9,7418,2024-05-30 07:10:53+00:00,forme,foam,,carbone,sablée,rouge,,,,poids
Raquette de padel Sane Assassin Tactic Alutex,Sane,Raquettes,129.9,11424,2025-10-30 13:20:42+00:00,forme,mousse,,,,,,,,
Raquette de padel Sane Assassin Tactic 3K,Sane,Raquettes,149.9,11423,2025-10-30 13:03:00+00:00,forme,mousse,,carbone,,,,,,
Raquette de padel Sane Assassin Tactic Fiber,Sane,Raquettes,99.9,11422,2025-10-30 10:54:40+00:00,forme,mousse,,,,bleu,,,,
Raquette de padel Sane Agressor Evolution Tactic,Sane,Raquettes,189.9,11421,2025-10-30 10:31:54+00:00,forme,mousse,,,,,polyvalente,,,
Raquette de padel Sane Cinetik 28 Stealth Javi Ruiz,Sane,Raquettes,229.9,11420,2025-10-30 09:52:45+00:00,forme,mousse,,carbone,,,,,,
Raquette de padel Sane Potential Intermediate Edition,Sane,Raquettes,149.9,11419,2025-10-30 09:16:35+00:00,,mousse,expert,carbone,,,,,,
Raquette de padel Sane Potential Advanced Edition,Sane,Raquettes,189.9,11418,2025-10-30 09:07:30+00:00,forme,mousse,,,,white,attaque,,,
Pack Bullpadel Vertex 04 Comfort Homme 2025,Bullpadel,Raquettes,209.9,10549,2025-07-01 10:11:19+00:00,forme,mousse,,carbone,,noir,,,homme,weight
Pack Bullpadel Vertex 04 Femme 2025,Bullpadel,Raquettes,209.9,10518,2025-06-26 07:38:14+00:00,forme,mousse,,carbone,,,,,femme,weight
Raquette de padel Bullpadel Ionic Control FIP Edition,Bullpadel,Raquettes,119.9,5581,2023-10-04 12:53:41+00:00,forme,mousse,,carbone,,,,,,
RAQUETTE DE TEST - Wilson Bela Pro V3 2025,Wilson,Programme test,150.0,11357,2025-10-27 07:45:53+00:00,,,,,,,,,,
RAQUETTE DE TEST - Wilson Bela LS V3 2025,Wilson,Programme test,150.0,11356,2025-10-27 07:35:28+00:00,,,,,,,,,,
RAQUETTE DE TEST - Wilson Bela V3 2025,Wilson,Programme test,150.0,11355,2025-10-27 07:33:07+00:00,,,,,,,,,,
Pack Wilson Optix XP,Wilson,Raquettes,99.9,11277,2025-10-22 07:58:20+00:00,forme,foam,,,,rouge,,,,
Raquette de padel Bullpadel Indiga Woman 2026,Bullpadel,Raquettes,79.9,11213,2025-10-14 12:40:45+00:00,forme,mousse,,carbone,,white,,,,
Raquette de padel Bullpadel Indiga Control 2026,Bullpadel,Raquettes,79.9,11212,2025-10-14 12:40:42+00:00,forme,mousse,,carbone,,noir,,,,
Raquette de padel Bullpadel Indiga Power 2026,Bullpadel,Raquettes,79.9,11211,2025-10-14 12:40:40+00:00,forme,mousse,,carbone,,,,,,
Raquette de padel Bullpadel Indiga Girl 2026,Bullpadel,Raquettes,59.9,11210,2025-10-14 12:40:38+00:00,forme,mousse,,carbone,,,polyvalente,,,poids
Raquette de padel Bullpadel Indiga Boy 2026,Bullpadel,Raquettes,59.9,11209,2025-10-14 12:40:36+00:00,forme,mousse,,carbone,,bleu,polyvalente,,,poids
Raquette de padel Siux Beat Kid 2 2026,Siux,Raquettes,78.9,11351,2025-10-24 13:42:49+00:00,forme,mousse,,,,,,,,weight
Raquette de padel Siux Beat Junior 2 2026,Siux,Raquettes,88.9,11350,2025-10-24 13:42:19+00:00,forme,mousse,,,,rouge,,,,weight
Raquette de padel Siux Beat Hybrid Air 3 2026,Siux,Raquettes,98.9,11349,2025-10-24 13:39:56+00:00,forme,mousse,,,,,attaque,,,
Raquette de padel Siux Beat Hybrid 3 2026,Siux,Raquettes,89.9,11348,2025-10-24 13:31:01+00:00,forme,mousse,,,,,attaque,,,
Raquette de padel Siux Astra Go Hybrid Air 2026,Siux,Raquettes,148.9,11345,2025-10-24 12:51:32+00:00,forme,mousse,,carbone,sablée,,polyvalente,,,weight
Raquette de padel Siux Astra Go Control 2026,Siux,Raquettes,148.9,11344,2025-10-24 12:51:16+00:00,forme,mousse,,carbone,sablée,,,,,
Raquette de padel Siux Astra Go Hydrid 2026,Siux,Raquettes,148.9,11346,2025-10-24 12:51:14+00:00,forme,mousse,,carbone,sand,,polyvalente,,,
Raquette de padel Siux Beat Control 3 2026,Siux,Raquettes,98.9,11347,2025-10-24 12:50:33+00:00,forme,mousse,,,,,,,,
Raquette de padel Siux GEA 2 2026,Siux,Raquettes,269.9,11343,2025-10-24 12:08:30+00:00,forme,mousse,,,sablée,,,,,
Raquette de padel Siux Fenix Elite VI 2026,Siux,Raquettes,269.9,11340,2025-10-24 09:51:58+00:00,forme,mousse,,carbone,sand,,,,,
Raquette de padel Siux Electra ST5 Elite 2026,Siux,Raquettes,269.9,11339,2025-10-24 09:37:38+00:00,forme,mousse,,carbone,sablée,,,,,
Raquette de padel Siux Trilogy Elite 6 2026,Siux,Raquettes,269.9,11337,2025-10-24 09:17:43+00:00,forme,mousse,,carbone,sand,bleu,,,,
Raquette de padel Siux Electra ST5 Stupa Pro Noir 2026,Siux,Raquettes,349.9,11331,2025-10-24 08:26:38+00:00,forme,mousse,,carbone,sablée,noir,attaque,,,
Raquette de padel Siux Fenix Pro VI Violet By Leo Augsbuger 2026,Siux,Raquettes,349.9,11332,2025-10-24 08:19:19+00:00,forme,mousse,,carbone,,,,,,poids
Raquette de padel Siux Electra ST5 Stupa Pro Rouge 2026,Siux,Raquettes,349.9,11330,2025-10-24 08:12:34+00:00,forme,mousse,,carbone,sand,rouge,,,,
Raquette de padel Siux Trilogy Pro 6 Vert 2026,Siux,Raquettes,349.9,11326,2025-10-24 07:27:16+00:00,forme,mousse,,carbone,,,,,,
Raquette de padel Siux Trilogy Pro 6 Noir 2026,Siux,Raquettes,349.9,11327,2025-10-24 07:24:27+00:00,forme,mousse,,carbone,,noir,,,,
Raquette de padel Siux Pegasus Elite 4 2026,Siux,Raquettes,269.9,11341,2025-10-24 10:17:29+00:00,forme,mousse,,carbone,sand,,,,,poids
Raquette de padel Siux Pegasus Pro 4 Gris 2026,Siux,Raquettes,349.9,11335,2025-10-24 08:48:07+00:00,forme,mousse,,carbone,,,,,,poids
Raquette de padel Siux Valkiria Pro by Sofia Araújo 2026,Siux,Raquettes,349.9,11334,2025-10-24 08:45:56+00:00,forme,mousse,,carbone,,,attaque,,,weight
Raquette de padel Siux Valkiria Elite 2 2026,Siux,Raquettes,269.9,11342,2025-10-24 12:05:53+00:00,forme,mousse,,carbone,sablée,bleu,,,,weight
Raquette de padel Siux Diablo Elite 6 2026,Siux,Raquettes,269.9,11338,2025-10-24 09:34:04+00:00,forme,mousse,,carbone,sand,,,,,
Raquette de padel Siux Pegasus 4 Orange 2026,Siux,Raquettes,349.9,11336,2025-10-24 08:52:00+00:00,forme,mousse,,carbone,,noir,,,,
Raquette de padel Siux Diablo Pro Bleu Marine 2026,Siux,Raquettes,349.9,11329,2025-10-24 07:27:40+00:00,forme,mousse,,carbone,,bleu,attaque,,,
Raquette de padel Siux Diablo Pro Bleu 2026,Siux,Raquettes,349.9,11328,2025-10-24 07:23:23+00:00,forme,mousse,,carbone,,bleu,,,,
Raquette de padel Bullpadel Vertex 04 Mexico,Bullpadel,Raquettes,219.9,7130,2024-03-22 10:09:52+00:00,forme,mousse,expert,carbone,,,,,,weight
Poids de tête de raquettes Shockout Gravity +,Shockout,Accessoire,8.9,11150,2025-10-06 07:54:23+00:00,,,,,,,,,,poids
Raquette de padel Pallap Velocity Control Team Light,Pallap,Raquettes,99.9,10454,2025-06-17 13:09:46+00:00,forme,mousse,,,,,,,,poids
Raquette de padel Tecnifibre Wall Breaker 375,Tecnifibre,Raquettes,72.9,3865,2023-02-21 09:15:30+00:00,forme,mousse,expert,carbone,,noir,polyvalente,,,
Raquette de padel Head Delta Junior,Head,Raquettes,59.9,1477,2022-01-25 16:23:58+00:00,forme,foam,,carbone,,,,,,poids
Raquette de padel Head Speed Pro,Head,Raquettes,154.9,3423,2022-12-05 10:42:47+00:00,forme,foam,,carbone,,,,,,poids
Raquette de padel Head Speed Pro X,Head,Raquettes,159.9,3413,2022-12-02 10:10:17+00:00,forme,foam,expert,carbone,,,,,,
Raquette de padel Head Speed Motion,Head,Raquettes,129.0,3421,2022-12-02 11:24:47+00:00,forme,foam,expert,carbone,,,polyvalente,,,
Raquette de padel Bullpadel Discover Power 2026,Bullpadel,Raquettes,59.9,11127,2025-09-29 07:18:14+00:00,forme,mousse,,carbone,,,,,,
Raquette de padel Bullpadel Discover Control 2025,Bullpadel,Raquettes,59.9,11125,2025-09-29 06:20:48+00:00,forme,mousse,,carbone,,,,,,
Raquette de padel Siux Spyder 4 Attack Flex 2025,Siux,Raquettes,74.9,10882,2025-09-15 07:50:15+00:00,forme,mousse,,carbone,,,,,,
Mini raquette Head Radical Pro,Head,Accessoire,24.9,10638,2025-07-17 13:23:34+00:00,,,,,,,,,,
Raquette de padel Royal Padel R Pro Japan,Royal Padel,Raquettes,319.9,11167,2025-10-10 08:31:10+00:00,forme,,,carbone,sablée,,,,,poids
RAQUETTE DE TEST - Raquette de padel Bullpadel XPLO Comfort 2026,Bullpadel,Programme test,150.0,10912,2025-09-16 09:33:11+00:00,,,,,,,,,,
RAQUETTE DE TEST - Raquette de padel Bullpadel XPLO 2026,Bullpadel,Programme test,150.0,10910,2025-09-16 09:29:18+00:00,,,,,,,,,,
RAQUETTE DE TEST - Raquette de padel Bullpadel Neuron 02 2026,Bullpadel,Programme test,150.0,10909,2025-09-16 09:28:24+00:00,,,,,,,,,,
RAQUETTE DE TEST - Raquette de padel Bullpadel Vertex 05 Hybrid 2026,Bullpadel,Programme test,150.0,10907,2025-09-16 09:23:50+00:00,,,,,,,,,,
RAQUETTE DE TEST - Raquette de padel Bullpadel Neuron 02 Edge 2026,Bullpadel,Programme test,150.0,10905,2025-09-16 09:21:27+00:00,,,,,,,,,,
RAQUETTE DE TEST - Raquette de padel Bullpadel Vertex 05 GEO 2026,Bullpadel,Programme test,150.0,10903,2025-09-16 09:19:55+00:00,,,,,,,,,,
RAQUETTE DE TEST - Raquette de padel Bullpadel Vertex 05 2026,Bullpadel,Programme test,150.0,10899,2025-09-16 09:16:03+00:00,,,,,,,,,,
RAQUETTE DE TEST - Raquette de padel Bullpadel Icon 2026,Bullpadel,Programme test,150.0,10900,2025-09-16 09:15:45+00:00,,,,,,,,,,
RAQUETTE DE TEST - Raquette de padel Bullpadel Hack 04 Comfort 2026,Bullpadel,Programme test,150.0,10896,2025-09-16 09:10:44+00:00,,,,,,,,,,
RAQUETTE DE TEST - Raquette de padel Bullpadel Vertex 05 Woman 2026,Bullpadel,Programme test,150.0,10895,2025-09-16 09:08:25+00:00,,,,,,,,,,
RAQUETTE DE TEST - Raquette de padel Bullpadel Hack 04 Hybrid 2026,Bullpadel,Programme test,150.0,10893,2025-09-16 09:06:44+00:00,,,,,,,,,,
RAQUETTE DE TEST - Raquette de padel Bullpadel Flow Legend 2026,Bullpadel,Programme test,150.0,10891,2025-09-16 08:55:28+00:00,,,,,,,,,,
RAQUETTE DE TEST - Raquette de padel Bullpadel Elite Woman 2026,Bullpadel,Programme test,150.0,10888,2025-09-16 08:41:55+00:00,,,,,,,,,,
RAQUETTE DE TEST - Raquette de padel Bullpadel Hack 04 2026,Bullpadel,Programme test,150.0,10886,2025-09-16 08:30:28+00:00,,,,,,,,,,
RAQUETTE DE TEST - Raquette de padel Bullpadel Wonder 2026,Bullpadel,Programme test,150.0,10885,2025-09-16 08:25:22+00:00,,,,,,,,,,
RAQUETTE DE TEST - Raquette de padel Head Extreme Team 2025,Head,Programme test,150.0,10875,2025-09-10 13:05:04+00:00,,,,,,,,,,
RAQUETTE DE TEST - Head Extreme Motion 2025,Head,Programme test,150.0,10873,2025-09-10 12:48:19+00:00,,,,,,,,,,
RAQUETTE DE TEST - Raquette de padel Head Extreme Pro 2025,Head,Programme test,150.0,10871,2025-09-10 12:40:48+00:00,,,,,,,,,,
Raquette de padel Black Crown Piton White 2025,Black Crown,Raquettes,159.9,10884,2025-09-16 07:22:04+00:00,forme,mousse,,carbone,sablée,white,,,,
Raquette de padel Black Crown Piton White Soft 2025,Black Crown,Raquettes,139.9,10883,2025-09-16 07:18:21+00:00,forme,mousse,,carbone,sablée,white,attaque,,,
Raquette de padel Siux Spyder 4 Control Flex 2025,Siux,Raquettes,79.9,10881,2025-09-12 14:49:10+00:00,forme,mousse,,,,,,,,
Raquette de padel Adidas Cross It Carbon 3.4 Maxi Arce 2025,Adidas,Raquettes,219.9,10780,2025-08-05 14:42:18+00:00,forme,mousse,,carbone,,,attaque,,,
Raquette de padel Adidas Adipower 10 Anniversary 2025,Adidas,Raquettes,349.9,10760,2025-07-30 12:43:04+00:00,forme,mousse,,carbone,,,,,,
Raquette de padel Black Crown Piton Air 12K 2024,Black Crown,Raquettes,134.9,6453,2024-01-15 13:08:21+00:00,forme,mousse,,carbone,sablée,white,attaque,,,
Raquette de padel Head Elite LTD 2025,Head,Raquettes,279.9,10827,2025-09-03 09:14:29+00:00,forme,foam,,carbone,,,,,,
Raquette de padel Wilson Blade Pro V2 Gold,Wilson,Raquettes,189.9,3686,2023-01-25 10:19:07+00:00,forme,mousse,,carbone,,noir,polyvalente,,,
Raquette de padel Volt 900 V23,Volt,Raquettes,119.9,7355,2024-05-02 12:45:24+00:00,forme,mousse,,carbone,sablée,noir,polyvalente,,,
Raquette de padel Volt 1000 V23,Volt,Raquettes,129.9,7353,2024-05-02 09:51:26+00:00,forme,mousse,,carbone,,noir,,,,
Raquette de padel Nox Equation Soft Advanced 2026,Nox,Raquettes,124.9,11123,2025-09-26 09:23:20+00:00,forme,mousse,,carbone,,,,,,
Raquette de padel Nox AT Pro Cup Soft 2026,Nox,Raquettes,199.9,11121,2025-09-26 08:17:23+00:00,forme,mousse,,carbone,,,,,,
Raquette de padel Nox Equation Hard Advanced 2026,Nox,Raquettes,124.9,11120,2025-09-26 08:12:18+00:00,,mousse,,carbone,,noir,,,,poids
Raquette de padel Nox AT Pro Cup Hard 2026,Nox,Raquettes,199.9,11119,2025-09-26 07:59:20+00:00,forme,mousse,,carbone,,,,,,
Raquette de padel Nox Ventus Hybrid 12k Lite 2026,Nox,Raquettes,299.9,11118,2025-09-26 07:23:47+00:00,forme,mousse,,carbone,sablée,bleu,attaque,,,poids
Raquette de padel Nox VK10 Ventus Control 12K by Aranzazu Osoro 2026,Nox,Raquettes,299.9,11117,2025-09-25 06:04:11+00:00,forme,mousse,,carbone,sablée,,attaque,,,poids
Raquette de padel Nox ML10 Ventus Control 3K 2026,Nox,Raquettes,339.9,11116,2025-09-24 14:37:08+00:00,forme,mousse,,carbone,,,attaque,,,poids
Raquette de padel Nox EA10 Ventus Hybrid 12K Xtreme 2026,Nox,Raquettes,339.9,11115,2025-09-24 14:21:01+00:00,forme,mousse,,carbone,sablée,rouge,polyvalente,,,
Raquette de padel Nox EA10 Ventus Attack 12k Xtreme 2026,Nox,Raquettes,339.9,11114,2025-09-24 14:20:45+00:00,forme,mousse,,carbone,sablée,,attaque,balance,,weight
Raquette de padel Nox AT10 Genius 12K Alum Xtreme Lite 2026,Nox,Raquettes,339.9,11112,2025-09-24 13:13:57+00:00,forme,mousse,,carbone,sablée,white,attaque,balance,,weight
Raquette de padel Nox AT10 Genius Attack 12K Alum Xtreme 2026,Nox,Raquettes,359.9,11113,2025-09-24 13:13:30+00:00,forme,,,carbone,,,attaque,balance,,weight
Raquette de padel Nox AT10 Genius 12K Alum Xtreme by Agustín Tapia 2026,Nox,Raquettes,389.9,11111,2025-09-24 12:16:50+00:00,forme,mousse,,carbone,sablée,noir,,balance,,weight
Raquette de padel Nox AT10 Genius Attack 18k Alum 2026,Nox,Raquettes,359.9,11110,2025-09-24 12:14:56+00:00,forme,mousse,,carbone,sablée,,attaque,balance,,weight
Raquette de padel Nox AT10 Genius 18K Alum 2026,Nox,Raquettes,389.9,11109,2025-09-24 12:13:59+00:00,forme,,,carbone,,noir,polyvalente,balance,,weight
Raquette de padel Prince Premier V2,Prince,Raquettes,149.9,10832,2025-09-03 12:43:26+00:00,forme,mousse,,carbone,,,,,,
Raquette de padel Prince Phantom V2,Prince,Raquettes,149.9,10831,2025-09-03 12:04:00+00:00,forme,mousse,,carbone,,noir,,,,
Raquette de padel Prince Rocket,Prince,Raquettes,95.9,10828,2025-09-03 09:47:57+00:00,forme,mousse,,carbone,,,,balance,,
Raquette de padel Adidas Adipower Legend 2025,Adidas,Raquettes,259.9,10759,2025-07-30 12:43:01+00:00,forme,mousse,,carbone,,,attaque,,,
Raquette de padel Fila The Exordior Bleu,Fila,Raquettes,64.9,3910,2023-03-07 10:32:29+00:00,forme,mousse,,carbone,,,,,,
Raquette de padel Head Cyber 2025,Head,Raquettes,94.9,9962,2025-04-24 13:48:45+00:00,forme,foam,,,,noir,attaque,,,
Raquette de padel Head Attitude 2025,Head,Raquettes,89.9,9961,2025-04-24 09:23:46+00:00,forme,foam,,,,rouge,attaque,,,
Raquette de padel Head Extreme XTR 2025,Head,Raquettes,109.9,9958,2025-04-24 06:42:16+00:00,forme,foam,,,,noir,,,,
Raquette de padel Head Extreme Power 2025,Head,Raquettes,109.9,9957,2025-04-23 12:46:26+00:00,forme,foam,,,,bleu,,,,
Raquette de padel Head Evo Extreme 2025,Head,Raquettes,79.9,10880,2025-09-12 12:55:33+00:00,forme,foam,,carbone,,,,,,poids
Raquette de padel Volt 500 V5,Volt,Raquettes,229.9,10799,2025-08-13 07:27:10+00:00,forme,mousse,,carbone,sablée,white,,,,
Raquette de padel Volt 700 V5,Volt,Raquettes,249.9,10798,2025-08-13 07:22:02+00:00,forme,mousse,,carbone,sablée,rouge,polyvalente,,,
Raquette de padel Volt 1000 V5,Volt,Raquettes,279.9,10789,2025-08-12 07:14:18+00:00,forme,mousse,,carbone,,noir,,,,
Raquette de padel Head Revolt 2025,Head,Raquettes,79.9,9959,2025-04-24 07:06:23+00:00,forme,foam,,carbone,,bleu,,,,
Raquette de padel Tecnifibre Wall Master 360,Tecnifibre,Raquettes,64.9,4740,2023-06-09 07:37:07+00:00,forme,mousse,,carbone,sablée,,,,,
Raquette de padel Nox FR Prestige 2.0 2025,Nox,Raquettes,199.9,10836,2025-09-04 09:02:47+00:00,forme,mousse,,carbone,,noir,polyvalente,,,
Raquette de Padel Dunlop Inferno Carbon Extreme,Dunlop,Raquettes,119.95,7389,2024-05-16 09:00:52+00:00,forme,mousse,,carbone,,,,,,
Raquette de padel Black Crown Piton Attack 12K+,Black Crown,Raquettes,124.9,1233,2021-12-07 11:00:53+00:00,forme,,,carbone,,,,,,
Raquette de padel Babolat Alioth Junior 2025,Babolat,Raquettes,99.9,10540,2025-06-30 13:15:19+00:00,forme,mousse,,,,bleu,,,,weight
Raquette de padel Babolat Alioth Pro Junior 2025,Babolat,Raquettes,139.9,10539,2025-06-30 12:17:44+00:00,forme,mousse,,carbone,,,,,,weight
Raquette de padel Babolat Alioth Mini Junior 2025,Babolat,Raquettes,79.9,10542,2025-07-01 07:19:28+00:00,forme,mousse,,,,bleu,,,,weight
Raquette de padel Bullpadel Wonder 2026,Bullpadel,Raquettes,269.9,10825,2025-09-03 07:37:12+00:00,forme,mousse,,carbone,sand,,attaque,,,weight
Raquette de padel Bullpadel Elite Woman 2026,Bullpadel,Raquettes,269.9,10824,2025-09-03 06:44:34+00:00,forme,mousse,,carbone,,,attaque,,,
Raquette de padel Bullpadel Flow Legend 2026,Bullpadel,Raquettes,249.9,10823,2025-09-02 15:15:08+00:00,forme,mousse,,carbone,,,,,,poids
Raquette de padel Bullpadel Icon 2026,Bullpadel,Raquettes,279.9,10819,2025-09-02 13:12:33+00:00,forme,mousse,,carbone,,,attaque,,,weight
Raquette de padel Bullpadel Neuron 02 Edge 2026,Bullpadel,Raquettes,319.9,10818,2025-09-02 12:33:02+00:00,forme,mousse,,carbone,,,,,,weight
Raquette de padel Bullpadel Neuron 02 2026,Bullpadel,Raquettes,319.9,10817,2025-09-02 12:11:24+00:00,forme,mousse,,carbone,,,,,,weight
Raquette de padel Bullpadel XPLO Comfort 2026,Bullpadel,Raquettes,239.9,10816,2025-09-02 09:40:19+00:00,forme,mousse,,carbone,,,,,,weight
Raquette de padel Bullpadel XPLO 2026,Bullpadel,Raquettes,319.9,10815,2025-09-02 09:21:47+00:00,forme,mousse,,carbone,,,,,,weight
Raquette de padel Bullpadel Hack 04 2026,Bullpadel,Raquettes,319.9,10809,2025-09-01 13:38:13+00:00,forme,mousse,,carbone,,,attaque,,,weight
Raquette de padel Head Extreme Team 2025,Head,Raquettes,179.9,10765,2025-07-30 12:43:20+00:00,forme,foam,,,,,,,,
Raquette de padel Head Extreme Pro 2025,Head,Raquettes,251.9,10764,2025-07-30 12:43:17+00:00,forme,foam,,carbone,,,,,,
Raquette de padel Head Extreme Motion 2025,Head,Raquettes,199.9,10763,2025-07-30 12:43:14+00:00,forme,foam,,carbone,,bleu,,,,poids
Raquette de padel Bullpadel Vertex 05 Woman 2026,Bullpadel,Raquettes,279.9,10821,2025-09-02 13:57:30+00:00,forme,mousse,,carbon,,,,,,weight
Raquette de padel Bullpadel Hack 04 Hybrid 2026,Bullpadel,Raquettes,319.9,10810,2025-09-02 08:14:01+00:00,forme,mousse,,carbone,,,attaque,,,weight
Raquette de padel Bullpadel Hack 04 Comfort 2026,Bullpadel,Raquettes,249.9,10811,2025-09-02 08:21:24+00:00,forme,mousse,,carbone,,,,,,weight
Raquette de padel Bullpadel Vertex 05 2026,Bullpadel,Raquettes,339.9,10812,2025-09-02 08:39:16+00:00,,mousse,,carbone,,,,,,weight
Raquette de padel Bullpadel Vertex 05 GEO 2026,Bullpadel,Raquettes,339.9,10813,2025-09-02 09:05:22+00:00,forme,mousse,,carbone,,,attaque,,,weight
Raquette de padel Bullpadel Vertex 05 Hybrid 2026,Bullpadel,Raquettes,339.9,10814,2025-09-02 09:06:22+00:00,forme,mousse,,carbone,,,attaque,,,weight
Housse de raquette Thermique Esprit Padel Shop,Esprit Padel Shop EPS,Sac,9.9,10783,2025-08-08 08:07:03+00:00,,,,,,,,,,
Raquette de padel Head Extreme Pro 2024,Head,Raquettes,159.9,5212,2023-09-01 13:51:21+00:00,forme,foam,,carbone,,,,,,poids
Raquette de padel Head Radial 2025,Head,Raquettes,119.9,10265,2025-05-21 09:02:45+00:00,forme,foam,,,,bleu,attaque,,,
Raquette de padel Head Alpha Plus 2025,Head,Raquettes,119.9,10264,2025-05-21 08:49:08+00:00,forme,foam,,,,rouge,,,,
Mini Raquette Head Gravity Pro,Head,Accessoire,24.9,8215,2024-10-21 12:39:16+00:00,,,,,,,,,,
Raquette de padel Adidas Adipower 3.2 2023,Adidas,Raquettes,169.9,3490,2022-12-23 08:11:09+00:00,forme,mousse,expert,carbone,,noir,attaque,,,
Raquette de padel Tecnifibre Curva Team,Tecnifibre,Raquettes,135.9,10776,2025-08-05 08:26:03+00:00,forme,mousse,,carbone,,,polyvalente,,homme,
Raquette de padel Hirostar Alien 2025,Hirostar,Raquettes,274.9,9950,2025-04-22 08:42:03+00:00,forme,mousse,,carbone,sablée,,,,,
Raquette de padel Hirostar Alien Pro 2025,Hirostar,Raquettes,299.9,9949,2025-04-18 14:36:58+00:00,forme,mousse,,carbone,sablée,noir,,,,
Raquette de padel Babolat BL002 Lamborghini Noir 2025,Babolat,Raquettes,799.9,9822,2025-03-18 09:58:20+00:00,forme,mousse,,carbone,,noir,,,,
Raquette de padel Babolat BL002 Lamborghini Vert 2025,Babolat,Raquettes,799.9,9821,2025-03-18 09:54:24+00:00,forme,mousse,,carbone,,noir,,,,
Raquette de padel Babolat Technical Viper 2.5 2025,Babolat,Raquettes,249.9,8729,2024-12-18 08:51:45+00:00,forme,mousse,expert,carbone,sand,rouge,,,,
Raquette de padel Babolat Viper Juan Lebron 2025,Babolat,Raquettes,259.9,8541,2024-11-19 15:57:54+00:00,forme,,,carbone,,,,,,
Housse de raquette Babolat Padel Cover,Babolat,Sac,8.9,5029,2023-07-20 08:10:45+00:00,,,,,,,,,,
RAQUETTE DE TEST - Nox AT10 Genius 18K by Agustin Tapia 2025,Nox,Programme test,150.0,8456,2024-11-14 13:18:02+00:00,,,,,,,,,,
Raquette de padel Bullpadel Pearl 2026,Bullpadel,Raquettes,279.9,10492,2025-06-20 09:52:11+00:00,forme,mousse,,carbone,,,,,,
Raquette de padel Nox AT10 18K Argentine 2025,Nox,Raquettes,329.9,10688,2025-07-23 07:18:43+00:00,forme,mousse,,carbone,,,,,,poids
Raquette de padel Tecnifibre Wall Breaker 365,Tecnifibre,Raquettes,74.9,3866,2023-02-21 13:06:16+00:00,forme,mousse,,carbone,,noir,polyvalente,,,poids
Sac de padel Pallap Mid Racket Noir,Pallap,Sac,69.9,10560,2025-07-03 06:21:09+00:00,,,,,,noir,,,,
Raquette de padel Pallap Power Team,Pallap,Raquettes,159.9,10414,2025-06-12 09:22:25+00:00,forme,mousse,,carbone,sablée,,attaque,,,
Raquette de padel Pallap Power Star,Pallap,Raquettes,189.9,10413,2025-06-12 09:14:19+00:00,forme,mousse,,carbone,,,,,,
Raquette de padel Pallap Velocity Elite,Pallap,Raquettes,269.9,10412,2025-06-12 08:48:52+00:00,forme,mousse,,carbone,,bleu,attaque,,,
Raquette de padel Pallap Velocity Pro,Pallap,Raquettes,299.9,10411,2025-06-12 08:32:39+00:00,forme,mousse,,carbone,,,,,,
Raquette de padel Pallap Power Elite,Pallap,Raquettes,269.9,10410,2025-06-12 07:59:53+00:00,forme,mousse,,carbone,sablée,noir,,,,poids
Raquette de padel Pallap Power Pro,Pallap,Raquettes,289.9,10409,2025-06-12 07:48:46+00:00,forme,mousse,,carbone,,,,,,
Sac de padel Pallap Racket Team Noir,Pallap,Sac,89.9,10562,2025-07-03 07:49:29+00:00,,,,,,noir,,,,
Raquette de padel Pallap Velocity Team,Pallap,Raquettes,159.9,10416,2025-06-13 08:16:39+00:00,forme,mousse,,carbone,,,polyvalente,,,
Raquette de padel Pallap Velocity Star,Pallap,Raquettes,189.9,10415,2025-06-13 08:12:24+00:00,forme,mousse,,carbone,,,,,,
Raquette de padel Babolat Stima Vita 2025,Babolat,Raquettes,89.9,10537,2025-06-30 10:03:03+00:00,forme,mousse,,carbone,,noir,,,femme,weight
Raquette de padel Babolat Counter Origin 2025,Babolat,Raquettes,89.9,10536,2025-06-30 09:46:00+00:00,forme,mousse,,carbone,,noir,,,,weight
Raquette de padel Babolat Air Origin 2025,Babolat,Raquettes,99.9,10535,2025-06-30 09:00:45+00:00,forme,mousse,,carbone,,,,,,weight
Raquette de padel Drop Shot Canyon Pro Control 1.0,Drop Shot,Raquettes,164.9,10441,2025-06-17 07:10:24+00:00,,mousse,,carbone,,,attaque,,,
RAQUETTE DE TEST - Raquette de padel Oxdog Ultimate Match 2025,Oxdog,Programme test,150.0,9785,2025-03-13 13:10:27+00:00,,,,,,,,,,
RAQUETTE DE TEST - Raquette de padel Oxdog Ultimate Pro Smash 2025,Oxdog,Programme test,150.0,9780,2025-03-13 10:11:02+00:00,,,,,,,,,,
RAQUETTE DE TEST - Wilson Defy LS 2025,Wilson,Programme test,150.0,9248,2025-02-10 14:54:58+00:00,,,,,,,,,,
RAQUETTE DE TEST - Wilson Defy 2025,Wilson,Programme test,150.0,9245,2025-02-10 14:29:03+00:00,,,,,,,,,,
RAQUETTE DE TEST - Bullpadel Ionic Control 2025,Bullpadel,Programme test,150.0,9180,2025-02-06 09:28:12+00:00,,,,,,,,,,
RAQUETTE DE TEST - Bullpadel Ionic Light 2025,Bullpadel,Programme test,150.0,9172,2025-02-06 08:29:28+00:00,,,,,,,,,,
RAQUETTE DE TEST - Bullpadel Pearl 2025,Bullpadel,Programme test,150.0,9160,2025-02-05 09:16:54+00:00,,,,,,,,,,
Raquette de padel Head Alpha XTR 2025,Head,Raquettes,109.9,9956,2025-04-23 12:37:22+00:00,forme,foam,,,,noir,,,,
Raquette de padel Wilson Bela V3 2025,Wilson,Raquettes,199.9,10359,2025-06-05 09:07:08+00:00,forme,mousse,expert,carbone,,,,,,
Raquette de padel Wilson Bela Pro V3 2025,Wilson,Raquettes,229.9,10356,2025-06-03 15:04:33+00:00,forme,foam,,carbone,,,,,,
Raquette de padel Adidas Metalbone 3.4 Pro EDT Series 2025,Adidas,Raquettes,379.9,9761,2025-03-12 08:30:58+00:00,forme,mousse,,carbone,,noir,,balance,,weight
Raquette de padel Adidas Adipower 3.4 CTRL Pro EDT Series 2025,Adidas,Raquettes,389.9,9762,2025-03-12 08:54:14+00:00,forme,mousse,,carbone,,noir,,balance,,weight
Raquette de padel Siux Beat Hybrid Air 2 Woman 2025,Siux,Raquettes,76.9,9885,2025-04-11 09:11:42+00:00,forme,mousse,,,,,,,,
Raquette de padel Siux Beat Control 2 2025,Siux,Raquettes,64.9,9883,2025-04-11 07:30:26+00:00,forme,mousse,,,,,,,,
Raquette de padel Nox AT10 Genius Dubaï Limited Edition 2025,Nox,Raquettes,369.9,10336,2025-05-30 07:30:57+00:00,forme,mousse,,carbone,,bleu,,,,
Raquette de padel Head Alpha Power 2025,Head,Raquettes,118.9,9953,2025-04-23 07:05:39+00:00,forme,foam,,,,rouge,attaque,,,
Raquette de padel Siux Beat Hybrid 2 2025,Siux,Raquettes,64.9,9884,2025-04-11 08:31:41+00:00,forme,mousse,,,,,polyvalente,,,
Raquette de padel Adidas Metalbone 09 2025,Adidas,Raquettes,139.9,10330,2025-05-28 08:20:44+00:00,,mousse,,,,,,,,
Raquette de padel Head Vector 2025,Head,Raquettes,99.9,9952,2025-04-22 14:11:44+00:00,forme,foam,,,,noir,attaque,,,
Raquette de padel Head Master 2025,Head,Raquettes,99.9,9951,2025-04-22 13:32:30+00:00,forme,foam,,,,bleu,,,,
Raquette de padel Head Lynx 2025,Head,Raquettes,79.9,9960,2025-04-24 09:07:38+00:00,,foam,,carbone,,noir,,,,
Raquette de padel Siux Beat Kid 2024,Siux,Raquettes,59.9,7036,2024-03-13 09:08:49+00:00,forme,mousse,,carbone,,white,,,,poids
Raquette de padel Bullpadel Neuron 2024,Bullpadel,Raquettes,159.9,5586,2023-10-11 07:59:53+00:00,forme,mousse,,carbone,,,,,,
Raquette de padel Bullpadel Vertex 04 2024,Bullpadel,Raquettes,179.9,5488,2023-09-22 13:06:05+00:00,forme,mousse,,carbone,,rouge,attaque,,,weight
RAQUETTE DE TEST - Siux Electra ST4 Go 2025,Siux,Programme test,150.0,9948,2025-04-18 09:03:09+00:00,,,,,,,,,,
RAQUETTE DE TEST - Siux Diablo 4 Elite 2025,Siux,Programme test,150.0,9943,2025-04-18 07:45:28+00:00,,,,,,,,,,
RAQUETTE DE TEST - Siux Diablo 4 Go 2025,Siux,Programme test,150.0,9940,2025-04-17 14:03:39+00:00,,,,,,,,,,
RAQUETTE DE TEST - Siux Fenix V Elite 2025,Siux,Programme test,150.0,9933,2025-04-17 12:41:10+00:00,,,,,,,,,,
RAQUETTE DE TEST - Siux Electra ST4 Elite 2025,Siux,Programme test,150.0,9931,2025-04-17 12:28:10+00:00,,,,,,,,,,
RAQUETTE DE TEST - Siux Valkiria Pro 2025,Siux,Programme test,150.0,9929,2025-04-17 12:20:01+00:00,,,,,,,,,,
RAQUETTE DE TEST - Siux Fenix Pro V 2025,Siux,Programme test,150.0,9927,2025-04-17 12:10:26+00:00,,,,,,,,,,
RAQUETTE DE TEST - Siux Electra ST4 Stupa Pro 2025,Siux,Programme test,150.0,9924,2025-04-17 12:00:52+00:00,,,,,,,,,,
Raquette de padel Bullpadel Hack 03 2024,Bullpadel,Raquettes,159.9,5489,2023-09-22 13:51:45+00:00,forme,mousse,,carbone,,white,,,,weight
Raquette de padel Nox Quantum 12K Cobalt,Nox,Raquettes,189.9,9998,2025-04-29 08:58:21+00:00,forme,mousse,,carbone,,,,,,
Raquette de padel Nox VK10 Quantum By Aranzazu Osoro 2025,Nox,Raquettes,169.9,9991,2025-04-28 15:04:09+00:00,forme,mousse,,carbone,,,,,,
Raquette de padel Nox Quantum 12K Carbone,Nox,Raquettes,189.9,10003,2025-04-29 09:30:42+00:00,forme,mousse,,carbone,,,attaque,,,
Raquette de padel Adidas Adipower A1 Padel Édition Limitée 2025,Adidas,Raquettes,149.9,9963,2025-04-24 14:16:51+00:00,forme,mousse,expert,carbone,,rouge,,,,
RAQUETTE DE TEST - Raquette de padel Head Coello Team 2025,Head,Programme test,150.0,9479,2025-02-21 10:28:17+00:00,,,,,,,,,,
RAQUETTE DE TEST - Raquette de padel Head Coello Motion 2025,Head,Programme test,150.0,9477,2025-02-21 10:19:07+00:00,,,,,,,,,,
RAQUETTE DE TEST - Raquette de padel Head Coello Pro 2025,Head,Programme test,150.0,9475,2025-02-21 10:02:42+00:00,,,,,,,,,,
Raquette de padel Siux Trilogy Go 5 2025,Siux,Raquettes,98.9,9881,2025-04-10 12:54:12+00:00,forme,mousse,,carbone,,,,,,
Raquette de padel Siux Trilogy Elite 5 2025,Siux,Raquettes,149.9,9880,2025-04-10 12:01:09+00:00,forme,mousse,,carbone,,,,,,
Raquette de padel Siux Trilogy Pro 5 2025,Siux,Raquettes,149.9,9879,2025-04-10 09:57:09+00:00,forme,mousse,,carbone,,,,,,
Raquette de padel Dunlop Tristorm Pro 2025,Dunlop,Raquettes,134.9,8265,2024-10-24 10:51:01+00:00,forme,mousse,,,sablée,noir,,,,poids
Starter Pack De Padel Débutant,Esprit Padel Shop EPS,Raquettes,134.9,9864,2025-04-04 07:05:29+00:00,forme,mousse,,carbone,sablée,rouge,,,,
Poids de tête de raquettes Bullpadel x4,Bullpadel,Accessoire,12.9,358,2021-01-31 16:45:10+00:00,,,,,,,,,,weight
Raquette de padel Nox Start FR Exclusive 2025,Nox,Raquettes,77.9,9863,2025-04-03 15:04:09+00:00,forme,mousse,,carbon,,,,,,
Raquette de padel Nox Premium FR Exclusive 2025,Nox,Raquettes,189.9,9862,2025-04-03 14:28:45+00:00,forme,,,carbone,,,,,,
Raquette de padel Head Bolt Bleu Marine 2025,Head,Raquettes,89.9,9810,2025-03-17 08:34:36+00:00,forme,foam,,carbone,,bleu,,,,
Raquette de padel Siux Fenix Pro V Black Edition by Leo Augsburger 2025,Siux,Raquettes,229.9,9756,2025-03-11 13:56:21+00:00,forme,mousse,,carbone,,,,,,
Housse de raquette Bullpadel Thermiques,Bullpadel,Sac,7.9,4943,2023-06-29 12:35:04+00:00,,,,,,,,,,
Raquette de padel Tecnifibre Curva Speed,Tecnifibre,Raquettes,159.9,9853,2025-03-28 10:50:19+00:00,forme,foam,,carbone,,,attaque,,,poids
Raquette de padel Tecnifibre Curva Soft,Tecnifibre,Raquettes,159.9,9851,2025-03-28 09:36:49+00:00,forme,foam,,carbone,,noir,,,,poids
Raquette de padel Tecnifibre Curva Power,Tecnifibre,Raquettes,199.9,9850,2025-03-28 09:32:50+00:00,forme,foam,,carbone,,,,,,poids
Raquette de Padel Nox Future Control 12K Alum NFA Series 2025,Nox,Raquettes,199.9,9846,2025-03-27 10:08:34+00:00,forme,,,carbone,,,,,,
Raquette de padel Nox AT10 Genius Junior by Agustin Tapia 2025,Nox,Raquettes,79.9,9847,2025-03-27 09:53:04+00:00,forme,mousse,,carbon,,,,,,poids
Raquette de padel Nox Future Hybrid 12K Alum NFA Series 2025,Nox,Raquettes,199.9,9845,2025-03-27 09:16:58+00:00,forme,,,carbone,,,attaque,,,
Raquette de padel Nox Future Attack 12k Alum NFA Series 2025,Nox,Raquettes,199.9,9844,2025-03-27 08:47:23+00:00,forme,mousse,,carbone,,,,,,
Raquette de padel Nox NextGen Pro Attack 3K NFA Series 2025,Nox,Raquettes,129.9,9843,2025-03-27 08:14:14+00:00,forme,,,carbone,sablée,,,,,
Raquette de padel Nox NextGen Pro Hybrid 3k NFA Series 2025,Nox,Raquettes,129.9,9842,2025-03-27 07:30:49+00:00,forme,mousse,,carbone,,,,,,
Raquette de padel Bullpadel Vertex 03 Light,Bullpadel,Raquettes,149.9,9759,2025-03-11 15:11:29+00:00,,mousse,,carbone,,,,,,poids
Raquette de padel Oxdog Ultimate Pro Smash 2025,Oxdog,Raquettes,299.9,9468,2025-02-21 08:55:09+00:00,forme,mousse,,carbone,,noir,,balance,,poids
Raquette de padel Wilson Optix V1 Blanc 2025,Wilson,Raquettes,89.9,9661,2025-03-04 13:55:39+00:00,forme,foam,,carbone,,,,,,
Raquette de padel Dunlop Galactica Lite 2025,Dunlop,Raquettes,199.9,8264,2024-10-24 10:16:17+00:00,forme,mousse,,carbone,,,,,,poids
Raquette de padel Bullpadel Icon Cloud 2025,Bullpadel,Raquettes,199.9,9592,2025-02-28 10:31:07+00:00,forme,mousse,,,,,,,,weight
Raquette de padel Starvie Triton Speed 2024,Starvie,Raquettes,179.9,6014,2023-11-10 08:00:13+00:00,forme,mousse,expert,carbone,,,,balance,,poids
Raquette de padel Bullpadel Icon 2025,Bullpadel,Raquettes,199.9,9411,2025-02-19 08:59:13+00:00,forme,mousse,,carbone,,,,,,weight
Raquette de padel Siux Valkiria Go 2025,Siux,Raquettes,98.9,9152,2025-02-04 15:44:06+00:00,forme,mousse,,carbone,,,,,,
Raquette de padel Black Crown Piton Attack 16K,Black Crown,Raquettes,129.9,3671,2023-01-18 14:45:51+00:00,forme,mousse,expert,carbone,sablée,white,polyvalente,,,
Raquette de padel Dunlop Megamax Vert 2025,Dunlop,Raquettes,59.9,8280,2024-10-25 10:26:00+00:00,forme,mousse,,,,,polyvalente,,,poids
Raquette de padel Wilson Defy Pro 2025,Wilson,Raquettes,219.9,9243,2025-02-10 13:50:41+00:00,forme,foam,,carbone,,noir,attaque,,,
Raquette de padel Wilson Defy LS 2025,Wilson,Raquettes,149.9,9242,2025-02-10 13:17:58+00:00,forme,foam,,carbone,,,,,,poids
Raquette de padel Wilson Defy 2025,Wilson,Raquettes,189.9,9241,2025-02-10 13:15:57+00:00,forme,foam,,carbone,sablée,noir,attaque,,,
Raquette de padel Head Coello Junior 2025,Head,Raquettes,89.9,9106,2025-01-31 15:17:44+00:00,forme,foam,,carbone,,,,,,poids
Raquette de padel Head Coello Vibe 2025,Head,Raquettes,109.9,9101,2025-01-31 10:07:09+00:00,forme,foam,,carbone,,,,,,
Raquette de padel Head Coello Motion 2025,Head,Raquettes,259.9,9094,2025-01-31 09:00:58+00:00,forme,foam,,carbone,,,,,,
Raquette de padel Head Coello Team 2025,Head,Raquettes,175.9,9056,2025-01-29 08:29:14+00:00,forme,foam,,carbone,,,,,,
Raquette de padel Head Coello Pro 2025,Head,Raquettes,259.9,9052,2025-01-28 15:24:01+00:00,forme,foam,,carbone,,,,,,
Raquette de padel Siux Valkiria Elite 2025,Siux,Raquettes,149.9,9151,2025-02-04 14:48:07+00:00,forme,mousse,,carbone,,,,,,poids
Raquette de padel Siux Valkiria Pro by Sofia Araújo 2025,Siux,Raquettes,199.9,9150,2025-02-04 13:42:18+00:00,forme,mousse,,carbone,,,,,,
Raquette de padel Black Crown Win Carbon 2025,Black Crown,Raquettes,152.9,9250,2025-02-11 08:07:04+00:00,forme,mousse,,carbone,,,,,,
Raquette de padel Black Crown Win Ultralight 2025,Black Crown,Raquettes,135.9,9249,2025-02-10 15:31:58+00:00,forme,mousse,,carbone,,,,,,poids
Raquette de padel Black Crown Piton Epic Energy 2025,Black Crown,Raquettes,279.9,9247,2025-02-10 14:36:50+00:00,forme,mousse,,carbone,sablée,,attaque,,,
Raquette de padel Black Crown Piton Epic 2025,Black Crown,Raquettes,249.9,9244,2025-02-10 14:09:18+00:00,forme,mousse,,carbone,sablée,,attaque,,,
Raquette de padel Black Crown Patron Xtrem 2025,Black Crown,Raquettes,179.9,9240,2025-02-10 11:14:09+00:00,forme,mousse,,carbone,sablée,,,,,
Raquette de padel Black Crown Patron Gold 2025,Black Crown,Raquettes,179.9,9237,2025-02-10 09:34:50+00:00,forme,mousse,,carbone,sand,,,,,poids
Raquette de padel Siux Fenix V Elite 2025,Siux,Raquettes,139.9,9154,2025-02-05 08:01:53+00:00,forme,mousse,,carbone,sablée,,,,,
Raquette de padel Babolat Technical Vertuo 2025,Babolat,Raquettes,159.9,8731,2024-12-18 14:30:40+00:00,forme,mousse,,,,rouge,,,,
Raquette de padel Babolat Air Vertuo 2025,Babolat,Raquettes,149.9,8734,2024-12-19 09:32:27+00:00,forme,mousse,,carbone,,noir,polyvalente,,,poids
Raquette de padel Babolat Counter Vertuo 2025,Babolat,Raquettes,159.9,8737,2024-12-19 14:17:29+00:00,forme,mousse,,carbone,,noir,,,,
Raquette de padel Bullpadel Vertex Junior 2025,Bullpadel,Raquettes,74.9,9108,2025-01-31 15:40:44+00:00,,mousse,,carbone,,,,,,poids
Raquette de padel Bullpadel XPLO Premier Padel 2025,Bullpadel,Raquettes,214.9,9222,2025-02-07 09:41:37+00:00,forme,mousse,,carbone,,,,,,weight
Raquette de padel Bullpadel Hack 04 Premier Padel 2025,Bullpadel,Raquettes,219.9,9218,2025-02-07 09:40:41+00:00,forme,mousse,,carbone,,noir,,,,weight
Raquette de padel Head Vibe Bleu 2025,Head,Raquettes,79.9,9011,2025-01-28 08:13:00+00:00,forme,foam,,carbone,,bleu,polyvalente,,,
Raquette de padel Head Vibe Rose 2025,Head,Raquettes,79.9,9006,2025-01-27 09:36:38+00:00,forme,foam,,carbone,,,,,,
Raquette de padel Head Vibe Noir 2025,Head,Raquettes,79.9,9004,2025-01-27 09:14:21+00:00,forme,foam,,carbone,,noir,polyvalente,,,
RAQUETTE DE TEST - Bullpadel Ionic Power 2025,Bullpadel,Programme test,150.0,9175,2025-02-06 08:38:51+00:00,,,,,,,,,,
Raquette de padel Siux Fenix Pro V by Alex Chozas 2025,Siux,Raquettes,189.9,9149,2025-02-04 13:45:57+00:00,forme,mousse,,carbone,,,attaque,,,
Raquette de padel Siux Electra ST4 Go 2025,Siux,Raquettes,98.9,9148,2025-02-04 13:08:11+00:00,forme,mousse,,carbone,sablée,,attaque,,,
Raquette de padel Siux Electra ST4 Stupa Pro 2025,Siux,Raquettes,229.9,9146,2025-02-04 10:17:12+00:00,forme,mousse,,carbone,sablée,,attaque,,,
Raquette de padel Dunlop Nanomax Lite 2025,Dunlop,Raquettes,64.9,8270,2024-10-24 13:15:22+00:00,forme,mousse,,,,,,,,poids
Raquette de padel Dunlop Galactica Team 2025,Dunlop,Raquettes,149.9,8268,2024-10-24 12:08:28+00:00,forme,mousse,,carbone,,,,,,
Raquette de padel Dunlop Tristorm Lite 2025,Dunlop,Raquettes,99.9,8266,2024-10-24 11:23:20+00:00,forme,mousse,,,sablée,,,,,poids
Raquette de padel Dunlop Galactica Pro LS 2025,Dunlop,Raquettes,219.9,8263,2024-10-24 09:54:31+00:00,forme,mousse,,carbone,,,,,,poids
Raquette de padel Dunlop Galactica Junior 2025,Dunlop,Raquettes,59.9,8286,2024-10-25 15:01:50+00:00,forme,mousse,,,,,,,,poids
Raquette de padel Dunlop Megamax Noir 2025,Dunlop,Raquettes,59.9,8272,2024-10-25 07:37:35+00:00,forme,mousse,,,,noir,,,,poids
Raquette de padel Dunlop Nanomax Pro 2025,Dunlop,Raquettes,79.9,8267,2024-10-24 11:49:39+00:00,forme,mousse,,,sablée,rouge,polyvalente,,,poids
Raquette de padel Dunlop Galactica Pro 2025,Dunlop,Raquettes,219.9,8262,2024-10-24 09:17:41+00:00,forme,mousse,,carbone,,,,,,
RAQUETTE DE TEST - Babolat Technical Veron 2.5 2025,Babolat,Programme test,150.0,8985,2025-01-24 08:59:38+00:00,,,,,,,,,,
RAQUETTE DE TEST - Babolat Air Veron 2.5 2025,Babolat,Programme test,150.0,8982,2025-01-24 08:40:08+00:00,,,,,,,,,,
RAQUETTE DE TEST - Babolat Counter Viper 2.5 2025,Babolat,Programme test,150.0,8980,2025-01-23 16:17:52+00:00,,,,,,,,,,
RAQUETTE DE TEST - Babolat Technical Viper 2.5 2025,Babolat,Programme test,150.0,8979,2025-01-23 15:56:25+00:00,,,,,,,,,,
RAQUETTE DE TEST - Babolat Air Viper 2.5 2025,Babolat,Programme test,150.0,8978,2025-01-23 15:52:32+00:00,,,,,,,,,,
RAQUETTE DE TEST - Oxdog Sense Pro 2025,Oxdog,Programme test,150.0,8911,2025-01-15 10:58:42+00:00,,,,,,,,,,
RAQUETTE DE TEST - Oxdog Pure Pro + 2025,Oxdog,Programme test,150.0,8910,2025-01-15 10:56:21+00:00,,,,,,,,,,
RAQUETTE DE TEST - Oxdog Hyper Pro 2.0 2025,Oxdog,Programme test,150.0,8909,2025-01-15 10:54:20+00:00,,,,,,,,,,
RAQUETTE DE TEST - Oxdog Hyper Pro+ 2.0 2025,Oxdog,Programme test,150.0,8908,2025-01-15 10:51:25+00:00,,,,,,,,,,
RAQUETTE DE TEST - Oxdog Ultimate Pro 2025,Oxdog,Programme test,150.0,8907,2025-01-15 10:47:56+00:00,,,,,,,,,,
RAQUETTE DE TEST - Oxdog Ultimate Pro+ 2025,Oxdog,Programme test,150.0,8906,2025-01-15 10:44:48+00:00,,,,,,,,,,
RAQUETTE DE TEST - Head Speed Pro 2025,Head,Programme test,150.0,8666,2024-12-09 09:44:51+00:00,,,,,,,,,,
RAQUETTE DE TEST - Head Speed Team 2025,Head,Programme test,150.0,8665,2024-12-09 09:42:46+00:00,,,,,,,,,,
RAQUETTE DE TEST - Head Speed One X 2025,Head,Programme test,150.0,8664,2024-12-09 09:39:42+00:00,,,,,,,,,,
RAQUETTE DE TEST - Head Speed One 2025,Head,Programme test,150.0,8663,2024-12-09 09:29:38+00:00,,,,,,,,,,
Raquette de padel Babolat Counter Viper 2.5 2025,Babolat,Raquettes,259.9,8735,2024-12-19 10:46:33+00:00,forme,mousse,,carbone,sand,,,,,
Raquette de padel Babolat Counter Veron 2.5 2025,Babolat,Raquettes,194.9,8736,2024-12-19 13:36:40+00:00,forme,mousse,,carbone,,noir,,,,
Raquette de padel Babolat Air Veron 2025,Babolat,Raquettes,199.9,8733,2024-12-19 08:37:15+00:00,forme,mousse,expert,carbone,,bleu,,,,poids
Raquette de padel Babolat Technical Veron 2.5 2025,Babolat,Raquettes,184.9,8730,2024-12-18 11:24:57+00:00,forme,mousse,,carbone,,rouge,,,,
Raquette de padel Oxdog Pure Tour 2025,Oxdog,Raquettes,209.9,8505,2024-11-18 13:28:40+00:00,forme,mousse,,carbone,,,attaque,balance,,poids
Raquette de padel Oxdog Pure Pro + 2025,Oxdog,Raquettes,264.9,8503,2024-11-18 11:21:19+00:00,forme,mousse,,carbone,sablée,,attaque,balance,,poids
Raquette de padel Siux Diablo 4 Elite 2025,Siux,Raquettes,169.9,8886,2025-01-10 08:27:40+00:00,forme,mousse,,carbone,,,,,,
Raquette de padel Siux Diablo Pro 4 Tino Libaak 2025,Siux,Raquettes,149.9,8888,2025-01-10 09:27:37+00:00,forme,mousse,,carbone,,,,,,poids
Raquette de padel Osaka Pro Tour LTD Power 2025,Osaka,Raquettes,289.9,8559,2024-11-21 09:05:42+00:00,forme,foam,,carbone,sablée,noir,polyvalente,,,
Raquette de Padel Osaka Deshi Control Vert 2025,Osaka,Raquettes,94.9,8555,2024-11-20 13:32:10+00:00,forme,foam,,carbone,,noir,,,,
Raquette de Padel Osaka Deshi Control Violet 2025,Osaka,Raquettes,94.9,8552,2024-11-20 11:03:01+00:00,forme,foam,expert,carbone,,,,,,
RAQUETTE DE TEST - Nox TL10 Quantum By Tino Libaak 2025,Nox,Programme test,150.0,8489,2024-11-18 08:38:37+00:00,,,,,,,,,,
RAQUETTE DE TEST - Nox Equation Light Advanced 2025,Nox,Programme test,150.0,8488,2024-11-18 08:34:23+00:00,,,,,,,,,,
RAQUETTE DE TEST - Nox Equation Advanced 2025,Nox,Programme test,150.0,8487,2024-11-18 08:30:41+00:00,,,,,,,,,,
RAQUETTE DE TEST - Nox AT10 Pro Cup Comfort 2025,Nox,Programme test,150.0,8486,2024-11-18 08:19:45+00:00,,,,,,,,,,
RAQUETTE DE TEST - Nox AT10 Pro Cup Hard 2025,Nox,Programme test,150.0,8466,2024-11-14 14:50:13+00:00,,,,,,,,,,
RAQUETTE DE TEST - Raquette de padel Nox ML10 Quantum 3k By Miguel Lamperti 2025,Nox,Programme test,150.0,8464,2024-11-14 14:44:13+00:00,,,,,,,,,,
RAQUETTE DE TEST - Nox LA10 Quantum 12K By Leo Augsburger 2025,Nox,Programme test,150.0,8461,2024-11-14 13:53:03+00:00,,,,,,,,,,
RAQUETTE DE TEST - Nox AT10 Genius 12K 2025,Nox,Programme test,150.0,8459,2024-11-14 13:36:26+00:00,,,,,,,,,,
RAQUETTE DE TEST - Nox AT10 Genius Attack 18K Alum 2025,Nox,Programme test,150.0,8457,2024-11-14 13:27:34+00:00,,,,,,,,,,
Raquette de padel Osaka Pro Tour LTD Control Gris 2025,Osaka,Raquettes,289.9,8568,2024-11-21 15:03:45+00:00,forme,foam,,carbone,sablée,,,,,
Raquette de padel Osaka Vision Control Rose 2025,Osaka,Raquettes,119.9,8567,2024-11-21 13:47:22+00:00,forme,mousse,,carbone,sablée,noir,,,,
Raquette de padel Osaka Vision Power Bleu 2025,Osaka,Raquettes,119.9,8566,2024-11-21 13:05:52+00:00,forme,foam,,carbone,sablée,noir,,,,
Raquette de padel Osaka Vision Pro Power Vert 2025,Osaka,Raquettes,189.9,8564,2024-11-21 10:45:43+00:00,forme,foam,,carbone,,noir,,,,
Raquette de Padel Pro Tour Control Violet 2025,Osaka,Raquettes,239.9,8563,2024-11-21 09:51:22+00:00,forme,foam,,carbone,sablée,,,,,
Raquette de padel Osaka Vision Pro Control 2025,Osaka,Raquettes,189.9,8561,2024-11-21 09:32:51+00:00,forme,foam,,carbone,sablée,noir,,,,
Raquette de Padel Osaka Pro Tour Power Vert 2025,Osaka,Raquettes,239.9,8556,2024-11-20 14:44:07+00:00,forme,foam,,carbone,sablée,,,,,
Raquette de padel Bullpadel Vertex 04 Woman Junior 2025,Bullpadel,Raquettes,74.9,8778,2024-12-26 08:49:10+00:00,forme,mousse,,carbone,,,,,,
Raquette de padel Bullpadel Indiga Control 2025,Bullpadel,Raquettes,74.9,8775,2024-12-26 08:05:04+00:00,forme,mousse,,carbone,,,,,,
Raquette de padel Bullpadel Flow Light 2025,Bullpadel,Raquettes,94.9,8773,2024-12-24 14:02:46+00:00,forme,mousse,,carbone,,rouge,,,,
Raquette de padel Bullpadel BP10 EVO 2025,Bullpadel,Raquettes,84.9,8771,2024-12-24 11:12:48+00:00,forme,mousse,,carbone,,noir,,,,poids
Raquette de padel Bullpadel K2 Power 2025,Bullpadel,Raquettes,79.9,8769,2024-12-24 10:04:41+00:00,forme,mousse,,carbone,,,,,,poids
Raquette de padel Head Monster Kids 2024,Head,Raquettes,54.9,8797,2024-12-30 10:47:44+00:00,,foam,,carbone,,,,,,poids
Raquette de padel Head Extreme Junior,Head,Raquettes,79.9,8791,2024-12-30 08:44:40+00:00,forme,foam,,carbone,,,,,,
Raquette de padel Adidas Match Bleu 3.4 2025,Adidas,Raquettes,74.9,8600,2024-11-26 14:46:19+00:00,forme,mousse,,carbone,,bleu,polyvalente,,,
Raquette de padel Adidas Match Noir 3.4 2025,Adidas,Raquettes,74.9,8599,2024-11-26 14:42:50+00:00,forme,mousse,,,,noir,attaque,,,
Raquette de padel Adidas Drive Light 3.4 2025,Adidas,Raquettes,74.9,8598,2024-11-26 14:04:45+00:00,forme,mousse,,carbone,,,,,,weight
Raquette de padel Adidas Match Light 3.4 2025,Adidas,Raquettes,69.9,8601,2024-11-26 15:43:46+00:00,,mousse,,,,,,,,weight
Raquette de padel Adidas Drive Noir 3.4 2025,Adidas,Raquettes,79.9,8597,2024-11-26 11:05:13+00:00,forme,mousse,,,,noir,,,,
Raquette de padel Black Crown Special Magic 2025,Black Crown,Raquettes,199.9,8752,2024-12-23 09:42:13+00:00,forme,mousse,,carbone,sand,,polyvalente,,,
Raquette de padel Black Crown Special Invictus 2025,Black Crown,Raquettes,174.9,8753,2024-12-23 10:20:04+00:00,forme,mousse,,carbone,sand,,attaque,,,
Raquette de padel Black Crown Piton 13 2025,Black Crown,Raquettes,189.9,8751,2024-12-23 09:39:47+00:00,forme,mousse,,carbone,sand,,attaque,,,
Raquette de padel Bullpadel Ionic Power 2025,Bullpadel,Raquettes,129.9,8770,2024-12-24 10:24:25+00:00,forme,mousse,,carbone,,,,,,
Raquette de padel Adidas Drive Gris 3.4 2025,Adidas,Raquettes,79.9,8596,2024-11-26 11:21:13+00:00,forme,mousse,,carbone,,,,,,
Raquette de padel Bullpadel XPLO Tour Final,Bullpadel,Raquettes,229.9,8261,2024-10-24 08:26:07+00:00,forme,mousse,,carbone,,,,,,weight
Raquette de padel Bullpadel Vertex 04 Tour Final,Bullpadel,Raquettes,279.9,8260,2024-10-24 07:12:17+00:00,forme,mousse,,carbone,,,attaque,,,weight
Raquette de padel Bullpadel Pearl Tour Final,Bullpadel,Raquettes,209.9,8273,2024-10-25 07:57:06+00:00,forme,mousse,,carbone,,,,,,weight
Raquette de padel Bullpadel Hack 04 Tour Final,Bullpadel,Raquettes,239.9,8258,2024-10-23 14:12:30+00:00,forme,mousse,,carbone,,bleu,,,,weight
Raquette de padel Oxdog Hyper Pro+ 2.0 2025,Oxdog,Raquettes,284.9,8497,2024-11-18 09:26:24+00:00,forme,mousse,,carbone,sablée,,attaque,balance,,poids
Poids de tête de raquettes Oxdog,Oxdog,Accessoire,19.9,8511,2024-11-18 15:13:28+00:00,,,,,,,,,,weight
Raquette de padel Starvie Raptor Soft 2025,Starvie,Raquettes,219.9,8662,2024-10-16 06:37:05+00:00,forme,mousse,,carbone,,,,balance,,poids
Raquette de padel Oxdog Ultimate Pro + Classics,Oxdog,Raquettes,299.9,5022,2023-07-18 14:40:39+00:00,forme,mousse,,carbone,sablée,white,,balance,,poids
Raquette de padel Oxdog Ultimate Match 2025,Oxdog,Raquettes,199.9,8483,2024-11-15 14:29:03+00:00,forme,mousse,,carbone,,,,balance,,poids
Raquette de padel Oxdog Ultimate Pro+ 2025,Oxdog,Raquettes,319.9,8479,2024-11-15 10:37:24+00:00,forme,mousse,,carbone,,,,balance,,poids
Raquette de padel Adipower Junior 3.4 2025,Adidas,Raquettes,69.9,8586,2024-11-25 09:30:09+00:00,forme,mousse,,,,bleu,,,,weight
Raquette de padel Adidas RX Series Rouge 2025,Adidas,Raquettes,109.9,8595,2024-11-26 10:35:15+00:00,forme,mousse,,carbone,,rouge,,,,
Raquette de padel Adidas RX Series Light 2025,Adidas,Raquettes,109.9,8594,2024-11-26 10:10:17+00:00,forme,mousse,,carbone,,,,,,weight
Raquette de padel Adidas RX Series Jaune 2025,Adidas,Raquettes,109.9,8593,2024-11-26 10:08:27+00:00,forme,mousse,,carbone,,,,,,
Raquette de padel Adidas Metalbone Youth 3.4 2025,Adidas,Raquettes,104.9,8582,2024-11-22 14:32:50+00:00,forme,mousse,,,,,,,,weight
Raquette de padel Black Crown Hurricane 3.0,Black Crown,Raquettes,139.9,8517,2024-11-19 07:38:01+00:00,forme,mousse,,carbone,sablée,white,,,,
Raquette de padel Black Crown Hurricane Pro 3.0,Black Crown,Raquettes,179.9,8515,2024-11-18 16:01:03+00:00,forme,mousse,,carbone,,white,,,,
Raquette de padel Adidas Cross It 3.4 2025,Adidas,Raquettes,189.9,8587,2024-11-25 10:01:15+00:00,forme,mousse,,carbone,,white,polyvalente,,,
Raquette de padel Adidas Cross It Light 3.4 2025,Adidas,Raquettes,209.9,8589,2024-11-25 13:39:03+00:00,forme,mousse,,carbone,,,polyvalente,,,weight
Raquette de Padel Adidas Cross It Team 3.4 2025,Adidas,Raquettes,129.9,8591,2024-11-25 15:41:09+00:00,forme,mousse,,,,,,,,
Raquette de padel Adidas Metalbone Team Light 3.4 2025,Adidas,Raquettes,139.9,8581,2024-11-22 13:59:42+00:00,forme,mousse,,,,,,,,weight
Raquette de padel Adidas Adipower Multiweight Control 3.4 2025,Adidas,Raquettes,269.9,8583,2024-11-22 14:41:47+00:00,forme,mousse,,carbone,,,,balance,,weight
Raquette de padel Adidas Adipower Carbon Light 2025,Adidas,Raquettes,189.9,8585,2024-11-25 08:59:51+00:00,forme,mousse,,carbone,,,,,,weight
Raquette de padel Adidas Adipower Carbon Control 2025,Adidas,Raquettes,189.9,8584,2024-11-22 16:02:14+00:00,forme,mousse,,carbone,,,,,,
Raquette de padel Adidas Metalbone Team 3.4 2025,Adidas,Raquettes,149.9,8580,2024-11-22 13:38:18+00:00,forme,mousse,,,,,polyvalente,,,
Raquette de padel Adidas Metalbone HRD+ 3.4 2025,Adidas,Raquettes,229.9,8576,2024-11-22 10:12:15+00:00,forme,mousse,expert,carbone,,,attaque,balance,,weight
Raquette de padel Adidas Metalbone Control 3.4 2025,Adidas,Raquettes,229.9,8577,2024-11-22 10:42:07+00:00,forme,mousse,expert,carbone,,white,,balance,,weight
Raquette de padel Adidas Metalbone Carbon 3.4 2025,Adidas,Raquettes,159.9,8578,2024-11-22 11:11:02+00:00,forme,mousse,,carbone,,,,,,poids
Raquette de padel Adidas Metalbone 3.4 2025,Adidas,Raquettes,229.9,8575,2024-11-22 10:04:23+00:00,forme,mousse,,carbone,,rouge,,balance,,weight
Raquette de padel Head Speed Junior 2025,Head,Raquettes,89.9,8010,2024-09-26 13:08:06+00:00,forme,foam,,carbone,,,,,,
Raquette de Padel Head Evo Speed 2025,Head,Raquettes,69.9,8009,2024-09-26 12:36:51+00:00,forme,foam,,,,,,,,poids
Raquette de padel Head Speed Team 2025,Head,Raquettes,159.9,8008,2024-09-26 12:09:01+00:00,forme,foam,,,,,,,,
Raquette de padel Head Speed Pro 2025,Head,Raquettes,199.9,8003,2024-09-26 07:52:05+00:00,forme,foam,,carbone,,,polyvalente,,,
Raquette de padel Head Speed Motion 2025,Head,Raquettes,191.9,8007,2024-09-26 09:41:25+00:00,,foam,,carbone,,,,,,poids
Raquette de padel Head Speed One X 2025,Head,Raquettes,219.9,8011,2024-09-26 14:57:46+00:00,forme,foam,,carbone,,,,,,
Raquette de padel Head Speed One 2025,Head,Raquettes,199.9,8013,2024-09-27 07:45:03+00:00,forme,foam,,carbone,,,polyvalente,,,poids
Raquette de padel Babolat Vertuo Juan Lebron 2025,Babolat,Raquettes,164.9,8547,2024-11-20 09:28:17+00:00,forme,mousse,,,,rouge,,,,
Raquette de padel Babolat Veron Juan Lebron 2025,Babolat,Raquettes,199.9,8545,2024-11-20 09:03:48+00:00,forme,mousse,,carbone,,rouge,attaque,,,
Raquette de padel Osaka Vision Control Vert,Osaka,Raquettes,64.9,8562,2024-11-21 09:33:57+00:00,forme,mousse,,carbone,sablée,,,,,
Raquette de padel Siux Electra ST3 Spécial Édition,Siux,Raquettes,179.9,8470,2024-11-14 15:13:48+00:00,forme,mousse,,carbone,sablée,rouge,,,,
Raquette de padel Starvie Brava Soft 2025,Starvie,Raquettes,229.9,8198,2024-10-15 13:45:18+00:00,forme,mousse,,carbone,,,,balance,,poids
Raquette de padel Starvie Raptor Pro Touch 2025,Starvie,Raquettes,239.9,8199,2024-10-15 14:30:53+00:00,forme,mousse,,carbone,,,,balance,,poids
Raquette de padel Starvie Astrum Soft 2025,Starvie,Raquettes,249.9,8196,2024-10-15 09:45:40+00:00,forme,mousse,,carbone,,,,balance,,poids
RAQUETTE DE TEST - Siux Electra ST3 Stupa Pro 2024,Siux,Programme test,150.0,8413,2024-11-06 10:20:11+00:00,,,,,,,,,,
Raquette de padel Wilson Pace V1 Bleu,Wilson,Raquettes,79.9,8282,2024-10-25 12:51:38+00:00,forme,foam,,,,bleu,,,,
Raquette de padel Starvie Drax Soft 2025,Starvie,Raquettes,259.9,8187,2024-10-14 12:20:50+00:00,forme,mousse,,carbone,,,polyvalente,,,
Raquette de padel Starvie Kenta Eternal Pro 2025,Starvie,Raquettes,249.9,8188,2024-10-14 12:40:50+00:00,forme,mousse,,carbone,,,,,,
Raquette de padel Starvie Brava Pro 2025,Starvie,Raquettes,229.9,8197,2024-10-15 10:06:14+00:00,forme,mousse,,carbone,,,,balance,,poids
Raquette de padel Starvie Titania Lite 2025,Starvie,Raquettes,179.9,8210,2024-10-21 08:26:47+00:00,forme,mousse,,carbone,,,,,,poids
Raquette de padel Hirostar Redstone,Hirostar,Raquettes,229.9,8183,2024-10-14 07:09:50+00:00,forme,mousse,,carbone,sand,,attaque,,,
Raquette de padel Hirostar Blackstone,Hirostar,Raquettes,254.9,8184,2024-10-14 07:20:56+00:00,forme,mousse,,carbone,sand,,attaque,,,
RAQUETTE DE TEST - Bullpadel Vertex 04 2025,Bullpadel,Programme test,150.0,8165,2024-10-09 13:49:12+00:00,,,,,,,,,,
RAQUETTE DE TEST - Bullpadel Hack 04 Hybrid 2025,Bullpadel,Programme test,150.0,8164,2024-10-09 13:27:33+00:00,,,,,,,,,,
RAQUETTE DE TEST - Bullpadel Hack 04 2025,Bullpadel,Programme test,150.0,8163,2024-10-09 13:18:11+00:00,,,,,,,,,,
RAQUETTE DE TEST - Bullpadel XPLO Comfort 2025,Bullpadel,Programme test,150.0,8169,2024-10-09 14:22:32+00:00,,,,,,,,,,
RAQUETTE DE TEST - Bullpadel XPLO 2025,Bullpadel,Programme test,150.0,8168,2024-10-09 14:15:27+00:00,,,,,,,,,,
RAQUETTE DE TEST - Bullpadel Vertex 04 Hybrid 2025,Bullpadel,Programme test,150.0,8166,2024-10-09 14:01:32+00:00,,,,,,,,,,
RAQUETTE DE TEST - Bullpadel Elite Woman 2025,Bullpadel,Programme test,150.0,8172,2024-10-09 14:53:12+00:00,,,,,,,,,,
RAQUETTE DE TEST - Bullpadel Flow Woman 2025,Bullpadel,Programme test,150.0,8171,2024-10-09 14:47:42+00:00,,,,,,,,,,
RAQUETTE DE TEST - Bullpadel Neuron 2025,Bullpadel,Programme test,150.0,8170,2024-10-09 14:30:49+00:00,,,,,,,,,,
Raquette de padel Head One Ultralight Blanc 2025,Head,Raquettes,149.9,8014,2024-09-27 07:58:37+00:00,forme,foam,,carbone,,,,,,poids
Raquette de padel Head One Ultralight Noir 2025,Head,Raquettes,149.9,8012,2024-09-26 15:02:58+00:00,forme,foam,,carbone,,noir,,,,poids
Raquette de Padel Bullpadel Hack 03 2022,Bullpadel,Raquettes,179.9,1208,2021-11-17 11:26:11+00:00,forme,mousse,,carbone,,,,,,weight
Raquette de padel Nox Equation Light Advanced 2025,Nox,Raquettes,99.9,7987,2024-09-24 14:15:45+00:00,forme,mousse,,carbone,,,,,,
Raquette de padel Nox AT10 Genius Attack 12K 2025,Nox,Raquettes,199.9,7983,2024-09-24 12:47:39+00:00,forme,mousse,,carbone,,,attaque,,,
Raquette de padel Nox AT10 Genius Attack 18K Alum 2025,Nox,Raquettes,199.9,7982,2024-09-24 12:23:55+00:00,forme,mousse,,carbone,,,attaque,,,
Raquette de padel Nox AT10 Genius 12K by Agustìn Tapia 2025,Nox,Raquettes,199.9,7981,2024-09-24 10:20:29+00:00,forme,mousse,,carbone,,,,,,
Raquette de padel Nox AT10 Genius 18K by Agustin Tapia 2025,Nox,Raquettes,209.9,7979,2024-09-24 08:56:12+00:00,forme,mousse,,carbone,,,,,,poids
Raquette de padel Siux Trilogy Lite Air 4 Woman,Siux,Raquettes,129.9,7923,2024-09-16 10:28:08+00:00,forme,mousse,,carbone,,,,,,
Raquette de padel Volt 800 V4,Volt,Raquettes,264.9,7933,2024-09-17 08:48:35+00:00,forme,mousse,,carbone,sablée,white,,,,
Raquette de padel Volt 900 V4,Volt,Raquettes,264.9,7931,2024-09-17 07:42:42+00:00,forme,mousse,,carbone,sablée,bleu,polyvalente,,,
Raquette de padel Volt 1000 V4,Volt,Raquettes,249.9,7929,2024-09-17 06:47:19+00:00,forme,mousse,,carbone,,noir,,,,
Raquette de padel Lok Carb-On Flow,Lok,Raquettes,169.9,7870,2024-09-10 14:56:47+00:00,forme,mousse,,carbone,,,,,,
Raquette de padel Bullpadel Hack 04 Hybrid 2025,Bullpadel,Raquettes,199.9,7849,2024-09-09 07:07:40+00:00,forme,mousse,,carbone,,noir,polyvalente,,,weight
Raquette de padel Bullpadel Hack 04 2025,Bullpadel,Raquettes,187.9,7852,2024-09-09 08:47:40+00:00,forme,mousse,,carbone,,noir,,,,weight
Raquette de padel Bullpadel Vertex 04 Hybrid 2025,Bullpadel,Raquettes,199.9,7832,2024-09-05 12:12:23+00:00,forme,mousse,,carbone,,noir,,,,weight
Raquette de padel Bullpadel XPLO Comfort 2025,Bullpadel,Raquettes,129.9,7830,2024-09-05 08:35:29+00:00,forme,mousse,,carbone,,,,,,weight
Raquette de padel Bullpadel Vertex 04 2025,Bullpadel,Raquettes,184.9,7829,2024-09-05 07:11:58+00:00,forme,mousse,,carbone,,,attaque,,,weight
Raquette de padel Bullpadel Flow Woman 2025,Bullpadel,Raquettes,174.9,7828,2024-09-04 10:30:51+00:00,forme,mousse,,carbone,,,,,,poids
Raquette de padel Bullpadel XPLO 2025,Bullpadel,Raquettes,179.9,7827,2024-09-04 10:12:12+00:00,forme,mousse,expert,carbone,,,,,,weight
Raquette de padel Head Gravity Team Light 2024,Head,Raquettes,127.9,7826,2024-09-04 09:26:38+00:00,forme,foam,,carbone,,bleu,,,,poids
Raquette de padel Head Gravity Team 2024,Head,Raquettes,143.9,7825,2024-09-04 08:59:08+00:00,forme,foam,,,,,,,,
Raquette de padel Head Gravity Motion 2024,Head,Raquettes,159.9,7824,2024-09-04 08:33:23+00:00,forme,foam,,,sablée,,,,,poids
Raquette de padel Head Gravity Pro 2024,Head,Raquettes,189.9,7821,2024-09-04 07:14:16+00:00,forme,foam,,carbone,sablée,,,,,
Raquette de padel Hirostar Fighter 2024,Hirostar,Raquettes,88.9,7625,2024-08-02 08:46:45+00:00,forme,mousse,,carbone,,rouge,,,,
Raquette de padel Hirostar Solar 2024,Hirostar,Raquettes,189.9,7624,2024-08-02 07:23:54+00:00,forme,mousse,,carbone,sand,noir,,,,
Raquette de padel Hirostar Horizon 2024,Hirostar,Raquettes,189.9,7622,2024-08-01 14:23:40+00:00,forme,mousse,,carbone,sablée,noir,,,,
Raquette de padel Hirostar Aurora 2024,Hirostar,Raquettes,189.9,7623,2024-08-01 15:10:13+00:00,forme,mousse,,carbone,sand,noir,,,,
Raquette de padel Hirostar Vamos Junior,Hirostar,Raquettes,74.9,7635,2024-08-06 09:35:15+00:00,forme,mousse,,carbone,,noir,,,,
Raquette de padel Wilson Blade LS V3,Wilson,Raquettes,119.9,7563,2024-07-19 12:08:23+00:00,forme,foam,,,,,polyvalente,,,
Raquette de padel Wilson Blade Pro V3,Wilson,Raquettes,159.9,7562,2024-07-19 10:24:45+00:00,forme,foam,,carbone,,,,,,
Raquette de padel Wilson Blade V3 2024,Wilson,Raquettes,155.9,7561,2024-07-19 08:49:38+00:00,forme,foam,,carbone,,,,,,
Raquette de padel Bullpadel Pearl 2025,Bullpadel,Raquettes,199.9,7448,2024-06-07 09:33:34+00:00,forme,mousse,,carbone,,,,,,weight
Raquette de padel Varlion Maxima Summum Jaune Junior 2024,Varlion,Raquettes,89.9,7279,2024-04-18 08:30:31+00:00,forme,mousse,,carbone,,noir,,,,
Raquette de padel Varlion LW Summum Carbon Black Orquidea 2024,Varlion,Raquettes,224.9,7175,2024-03-30 13:11:39+00:00,forme,mousse,,carbone,,noir,,,,poids
Raquette de padel Varlion LW Carbon TI Magnolia 2024,Varlion,Raquettes,159.9,7203,2024-04-09 09:53:56+00:00,forme,mousse,,carbone,,noir,,,,poids
Raquette de padel Varlion LW Carbon 3 2024,Varlion,Raquettes,259.9,7150,2024-03-26 08:20:25+00:00,forme,mousse,,carbone,,,polyvalente,,,
Raquette de padel Varlion Maxima Summum Prisma Soft 2024,Varlion,Raquettes,242.9,7158,2024-03-27 08:30:52+00:00,forme,mousse,,carbone,,bleu,polyvalente,,,poids
Raquette de padel Siux Ultra Pro,Siux,Raquettes,249.9,7510,2024-06-28 14:19:32+00:00,forme,mousse,,carbone,,white,,balance,,poids
Housse de raquette Head Basic noir,Head,Sac,6.9,7456,2024-06-18 12:21:18+00:00,,,,,,,,,,
Raquette de padel Varlion LW Carbon TI 2024,Varlion,Raquettes,179.9,7177,2024-03-30 15:30:40+00:00,forme,mousse,,carbone,,noir,,,,poids
Raquette de padel Varlion Bourne Carbon TI 2024,Varlion,Raquettes,179.9,7176,2024-03-30 14:43:13+00:00,forme,mousse,,carbone,,rouge,,,,poids
Raquette de padel Varlion LW Hexagone 8.8 2024,Varlion,Raquettes,126.9,7282,2024-04-18 09:55:42+00:00,forme,mousse,,carbone,,,,,,
Raquette de padel Varlion Bourne Hexagon 8.8 2024,Varlion,Raquettes,126.9,7278,2024-04-18 08:09:09+00:00,forme,mousse,,carbone,,,polyvalente,,,
Raquette de padel Head Speed Motion LTD 2024 Ari Sanchez,Head,Raquettes,199.9,7422,2024-05-30 09:56:20+00:00,forme,foam,expert,carbone,sablée,bleu,polyvalente,,,
Raquette de padel Volt 500 Junior,Volt,Raquettes,99.9,7399,2024-05-04 09:57:33+00:00,forme,mousse,,carbone,,bleu,,,,poids
Raquette de padel Volt 950 V4,Volt,Raquettes,279.9,7354,2024-05-02 12:21:37+00:00,forme,mousse,,carbone,,white,,,,
Raquette de padel Volt 800 V23,Volt,Raquettes,119.9,7356,2024-05-02 13:35:22+00:00,forme,mousse,,carbone,sablée,white,,,,
Raquette de padel Volt 700 V4,Volt,Raquettes,199.9,7357,2024-05-02 14:16:20+00:00,forme,mousse,,carbone,sablée,bleu,polyvalente,,,
Raquette de padel Volt 500 V23,Volt,Raquettes,109.9,7359,2024-05-04 08:50:27+00:00,forme,mousse,,carbone,sablée,white,,,,
Raquette de padel Drop Shot Axion Control 2024,Drop Shot,Raquettes,214.9,7297,2024-04-22 12:03:02+00:00,forme,,,carbone,,white,attaque,,,
Raquette de padel Drop Shot Canyon Pro Attack 2024,Drop Shot,Raquettes,209.9,7307,2024-04-24 09:30:15+00:00,forme,mousse,expert,carbone,,,attaque,,,
Raquette de padel Drop Shot Renegade Control 2024,Drop Shot,Raquettes,159.9,7312,2024-04-25 12:36:37+00:00,forme,mousse,,carbone,,noir,,,,
Raquette de padel Drop Shot Kibo 5.0 2024,Drop Shot,Raquettes,74.9,7319,2024-04-25 13:51:44+00:00,forme,mousse,,carbone,,bleu,,,,poids
Raquette de padel Drop Shot Conqueror 12 Junior 2024,Drop Shot,Raquettes,98.9,7324,2024-04-26 07:45:25+00:00,forme,,,,,white,attaque,,,
Raquette de padel Drop Shot Tiger 4.0 Junior 2024,Drop Shot,Raquettes,68.9,7320,2024-04-25 14:57:46+00:00,forme,mousse,,,,bleu,,,,poids
Raquette de padel Drop Shot Explorer 7.0 2024,Drop Shot,Raquettes,139.9,7325,2024-04-26 08:00:37+00:00,forme,mousse,,carbone,sablée,noir,,,,
Raquette de padel Drop Shot Explorer Pro Control 2024,Drop Shot,Raquettes,139.9,7362,2024-05-04 10:20:26+00:00,forme,mousse,,carbone,,,,,,poids
Raquette de padel Royal Padel Cross Pro 2024,Royal Padel,Raquettes,219.9,7371,2024-05-13 12:45:43+00:00,forme,mousse,,,sablée,noir,,,,
Raquette de padel Dunlop Aero-Star Pro,Dunlop,Raquettes,159.9,7363,2024-05-04 11:59:42+00:00,forme,mousse,,carbone,,white,,,,poids
Raquette de padel Dunlop Aero-Star Lite,Dunlop,Raquettes,139.9,7364,2024-05-04 12:03:49+00:00,forme,mousse,expert,carbone,,,,,,poids
Raquette de padel Dunlop Aero-Star,Dunlop,Raquettes,149.9,7365,2024-05-04 12:04:11+00:00,forme,mousse,expert,carbone,,white,,,,
Raquette de padel Dunlop Aero-Star Team,Dunlop,Raquettes,89.9,7392,2024-05-17 07:39:59+00:00,forme,mousse,expert,,,white,,,,weight
Housse de raquette Dunlop HeadCover,Dunlop,Sac,9.9,7395,2024-05-17 09:32:43+00:00,,,,,,noir,,,,
Raquette de padel Black Crown Patron Evolution 2024,Black Crown,Raquettes,189.9,7294,2024-04-22 08:26:29+00:00,forme,mousse,expert,carbone,sablée,rouge,attaque,,,
Raquette de padel Black Crown Special Pro 2024,Black Crown,Raquettes,189.9,7291,2024-04-22 06:55:28+00:00,forme,mousse,,carbone,sablée,,attaque,,,
Raquette de padel Royal Padel M27 R-Ace Light 2024,Royal Padel,Raquettes,249.9,7334,2024-04-26 14:54:28+00:00,forme,mousse,,carbone,,,,,,
Raquette de padel Royal Padel M27 R-Ace 2024,Royal Padel,Raquettes,249.9,7335,2024-04-29 06:28:24+00:00,forme,mousse,,carbone,,white,,,,
Raquette de padel Royal Padel M27 Fury 2024,Royal Padel,Raquettes,229.9,7336,2024-04-29 07:08:35+00:00,,mousse,,carbone,,white,,,,
Raquette de padel Royal Padel M27 Control 2024,Royal Padel,Raquettes,219.9,7337,2024-04-29 07:36:34+00:00,forme,mousse,,carbone,sablée,noir,,,,
Raquette de padel Royal Padel Whip EVA 2024,Royal Padel,Raquettes,189.9,7340,2024-04-29 10:23:52+00:00,forme,,,,sablée,white,,,,
Raquette de padel Royal Padel Whip Hybrid 2024,Royal Padel,Raquettes,189.9,7342,2024-04-29 12:54:35+00:00,forme,,,carbone,sablée,white,,,,
Raquette de padel Pro Kennex Turbo Orange,Pro Kennex,Raquettes,99.9,7236,2024-04-12 09:24:47+00:00,forme,foam,,carbone,,white,,,,
Raquette de padel Osaka Vision Aero Control Jaune,Osaka,Raquettes,154.9,7222,2024-04-11 08:07:50+00:00,forme,foam,,carbone,sablée,,,,,
Raquette de padel Pro Kennex Turbo Vert,Pro Kennex,Raquettes,99.9,7233,2024-04-12 08:09:11+00:00,forme,foam,,carbone,,white,,,,
Raquette de padel Pro Kennex Turbo Speed Rose,Pro Kennex,Raquettes,99.9,7243,2024-04-12 14:14:48+00:00,forme,foam,,carbon,,,,,,
Raquette de padel Oxdog Hyper Match 2.0,Oxdog,Raquettes,199.9,7142,2024-03-25 10:14:08+00:00,forme,,,carbone,,noir,polyvalente,balance,,poids
Raquette de padel Oxdog Hyper Tour 2.0,Oxdog,Raquettes,249.9,7143,2024-03-25 10:54:43+00:00,forme,,,carbone,,noir,,balance,,poids
Raquette de padel Wilson Bela LT V2.5,Wilson,Raquettes,149.9,7147,2024-03-25 15:31:38+00:00,forme,foam,,carbone,,noir,,,,
Raquette de padel Wilson Bela Pro V2.5,Wilson,Raquettes,179.9,7149,2024-03-25 15:54:31+00:00,forme,mousse,expert,carbone,,white,,,,
Raquette de padel Oxdog Hyper Pro 2.0,Oxdog,Raquettes,299.9,7144,2024-03-25 13:02:20+00:00,forme,mousse,,carbone,sablée,noir,polyvalente,balance,,poids
Raquette de padel Black Crown Piton 12 Silver,Black Crown,Raquettes,159.9,7030,2024-03-12 13:16:26+00:00,forme,mousse,,carbone,sand,white,attaque,,,
Raquette de padel Black Crown Piton 12,Black Crown,Raquettes,189.9,7029,2024-03-12 13:05:57+00:00,forme,mousse,expert,carbone,sand,white,polyvalente,,,poids
Raquette de padel Oxdog Ultimate Court,Oxdog,Raquettes,129.9,6816,2024-02-16 14:11:08+00:00,forme,mousse,,carbone,sablée,white,,balance,,poids
Raquette de padel Starvie Astrum Pro Limited 2024,Starvie,Raquettes,199.9,6820,2024-02-19 07:18:43+00:00,forme,mousse,,carbone,,white,,balance,,poids
Raquette de padel Black Crown Piton Attack 15K Power 2024,Black Crown,Raquettes,139.95,6452,2024-01-15 07:54:52+00:00,,mousse,,carbone,sand,white,attaque,,,
Raquette de padel Babolat Contact,Babolat,Raquettes,54.9,2666,2022-09-08 09:02:22+00:00,forme,mousse,,carbone,,rouge,,,,poids
Raquette de padel Babolat Reveal,Babolat,Raquettes,54.9,2665,2022-09-08 08:27:39+00:00,,mousse,,carbone,,,,,,poids
Raquette de padel Drop Shot Explorer Pro 4.0,Drop Shot,Raquettes,168.9,6430,2024-01-12 08:59:43+00:00,forme,mousse,,carbone,,,attaque,,,poids
Raquette de padel Wilson Carbon Force,Wilson,Raquettes,89.9,6196,2023-12-09 11:03:45+00:00,forme,mousse,,carbone,,,,,,
Raquette de padel Adidas Drive 3.3 Bleu 2024,Adidas,Raquettes,72.9,6190,2023-12-07 15:21:36+00:00,forme,mousse,,carbone,,bleu,,,,
Raquette de padel Adidas Cross It 3.3 2024,Adidas,Raquettes,179.9,6178,2023-12-06 13:32:05+00:00,forme,mousse,expert,carbone,,white,,,,
Raquette de padel Head Radical Elite 2024,Head,Raquettes,139.9,6128,2023-11-30 10:56:13+00:00,forme,foam,,,,rouge,,,,poids
Raquette de padel Varlion LW Hexagone 8.8,Varlion,Raquettes,84.9,6071,2023-11-17 09:31:04+00:00,forme,mousse,,carbone,,,,,,
Raquette de padel Pro Kennex Legend,Pro Kennex,Raquettes,188.9,6067,2023-11-16 15:01:31+00:00,forme,foam,,,,,,,,
Raquette de padel Pro Kennex Focus,Pro Kennex,Raquettes,205.9,6066,2023-11-16 14:24:53+00:00,forme,mousse,,,,noir,polyvalente,,,
Raquette de padel Pro Kennex Black Ace,Pro Kennex,Raquettes,237.9,6065,2023-11-16 13:27:44+00:00,forme,foam,expert,carbone,,,,,,
Raquette de padel Starvie Helion,Starvie,Raquettes,149.9,6025,2023-11-14 08:06:46+00:00,forme,mousse,,carbone,,,polyvalente,,,poids
Raquette de padel Starvie Titania Speed,Starvie,Raquettes,139.9,6024,2023-11-13 15:46:27+00:00,forme,mousse,,carbone,sablée,,,balance,,poids
Raquette de padel Starvie Titania Soft 2024,Starvie,Raquettes,139.9,6023,2023-11-13 15:04:55+00:00,forme,mousse,,carbone,sablée,,,balance,,poids
Raquette de padel Starvie Titania Pro 2024,Starvie,Raquettes,139.9,6022,2023-11-13 14:11:00+00:00,forme,mousse,,carbone,sablée,,,balance,,poids
Raquette de padel Starvie Dronos Speed,Starvie,Raquettes,189.9,6017,2023-11-10 09:33:01+00:00,forme,mousse,,carbone,,white,polyvalente,balance,,poids
Housse de raquette Nox,Nox,Sac,7.9,6029,2023-11-14 13:37:40+00:00,forme,,,,,white,,,,
Raquette de padel Fila The Laevis,Fila,Raquettes,79.9,3917,2023-03-08 14:02:06+00:00,forme,mousse,,carbone,,,,,,
Housse de raquette Bullpadel Noir/Rouge,Bullpadel,Sac,6.9,5956,2023-11-09 09:24:30+00:00,,,,,,rouge,,,,
Raquette de padel Varlion Bourne Prisma Radio S 2023,Varlion,Raquettes,189.9,5841,2023-11-03 08:20:39+00:00,forme,mousse,expert,carbone,,,,,,
Raquette de padel Wilson Accent LT,Wilson,Raquettes,139.9,5730,2023-10-19 07:05:50+00:00,forme,foam,,carbone,,,,,,poids
Raquette de padel Wilson Accent,Wilson,Raquettes,119.9,5597,2023-10-11 14:05:49+00:00,forme,foam,,carbone,,bleu,,,,
Raquette de padel Bullpadel Hack 03 FIP Edition 2023,Bullpadel,Raquettes,209.9,5582,2023-10-05 07:31:29+00:00,forme,mousse,expert,carbone,,white,polyvalente,,,weight
Housse de raquette Head CCT noir,Head,Sac,8.9,5527,2023-10-02 08:35:30+00:00,,,,,,noir,,,,
Raquette de padel Royal Padel M27 Hybrid,Royal Padel,Raquettes,249.9,1238,2021-12-08 10:15:47+00:00,forme,mousse,,carbone,,,polyvalente,,,
Raquette de padel Royal Padel M27 R-Control X 2023,Royal Padel,Raquettes,209.9,5109,2023-08-23 10:22:41+00:00,forme,mousse,expert,carbone,,,,,,
Raquette de padel Head Extreme Elite 2024,Head,Raquettes,109.9,5211,2023-09-01 13:26:08+00:00,forme,foam,,,,,,,,poids
Raquette de padel Wilson Carbon Force LT,Wilson,Raquettes,109.9,4936,2023-06-26 08:10:12+00:00,forme,foam,,carbone,,noir,,,,
Raquette de padel Drop Shot Premium 3.0,Drop Shot,Raquettes,179.9,4814,2023-06-13 08:08:04+00:00,forme,mousse,,carbone,,,attaque,,,
Raquette de padel Drop Shot Kibo 4.0,Drop Shot,Raquettes,99.9,4812,2023-06-12 15:06:44+00:00,forme,mousse,,,,bleu,,,,poids
Housse de raquette de padel Wilson Padel Cover Noir,Wilson,Sac,9.9,4738,2023-06-08 13:51:26+00:00,,,,,,rouge,,,,
Housse de raquette de padel Wilson Premium Cover,Wilson,Sac,19.9,4737,2023-06-08 13:25:19+00:00,,,,,,,,,,
Raquette de padel Slazenger Light Round Graphite,Slazenger,Raquettes,184.9,4560,2023-05-29 07:09:34+00:00,forme,mousse,,carbone,,,,,,poids
Raquette de padel Babolat Storm,Babolat,Raquettes,64.9,2619,2022-09-05 14:37:00+00:00,forme,mousse,,carbone,,,polyvalente,,,poids
Raquette de padel Babolat Dyna Spirit,Babolat,Raquettes,159.9,3984,2023-03-16 14:21:40+00:00,forme,mousse,,,,,polyvalente,,,
Raquette de padel Babolat Stima Energy,Babolat,Raquettes,159.9,3983,2023-03-16 13:11:02+00:00,forme,mousse,,carbone,,,,,,poids
Raquette de padel Babolat Stima Spirit,Babolat,Raquettes,154.9,3982,2023-03-16 10:23:56+00:00,forme,mousse,,,,,,,femme,poids
Raquette de padel Babolat Dyna Energy,Babolat,Raquettes,194.9,3931,2023-03-15 13:50:58+00:00,forme,mousse,,carbone,,,polyvalente,,,poids
Raquette de padel Pro Kennex Kinetic Focus Pro Jaune,Pro Kennex,Raquettes,205.9,3920,2023-03-09 09:12:53+00:00,forme,foam,,carbone,,,,,,
Raquette de padel Pro Kennex Kinetic Legend Pro,Pro Kennex,Raquettes,188.9,3921,2023-03-09 10:26:44+00:00,forme,foam,,carbone,,,,,,
Raquette de padel Fila The Bellator,Fila,Raquettes,99.9,3916,2023-03-08 13:27:44+00:00,forme,mousse,,carbone,,bleu,,,,
Raquette de padel Fila The Inceptor,Fila,Raquettes,69.9,3915,2023-03-08 12:59:36+00:00,forme,mousse,,carbone,,,,,,
Raquette de padel Osaka Pro Tour Control Touch,Osaka,Raquettes,299.9,3880,2023-03-03 10:42:45+00:00,forme,foam,,carbone,sablée,,,,,
Raquette de padel Osaka Pro Tour Control Snap,Osaka,Raquettes,299.9,3878,2023-02-27 12:25:08+00:00,forme,foam,,carbone,sablée,noir,,,,
Raquette de padel Osaka Vision Aero Control,Osaka,Raquettes,199.9,3877,2023-02-27 11:49:08+00:00,forme,foam,,carbone,sablée,,,,,
Raquette de padel Osaka Vision Pro Control Touch,Osaka,Raquettes,199.9,3876,2023-02-27 10:59:22+00:00,forme,foam,,carbone,sablée,,,,,
Raquette de padel Osaka Vision Pro Control,Osaka,Raquettes,199.9,3875,2023-02-27 10:01:49+00:00,forme,foam,,carbone,sablée,bleu,,,,
Raquette de padel Osaka Vision Control Orange,Osaka,Raquettes,149.9,3872,2023-02-22 14:56:15+00:00,forme,foam,,carbone,sablée,,,,,
Raquette de padel Osaka Vision Aero,Osaka,Raquettes,199.9,3871,2023-02-22 14:32:23+00:00,forme,foam,,carbone,sablée,,,,,
Raquette de padel Osaka Vision Control,Osaka,Raquettes,139.9,3870,2023-02-22 13:55:23+00:00,forme,foam,,carbone,sablée,noir,,,,
Raquette de padel Osaka Deshi Control,Osaka,Raquettes,27.99,3869,2023-02-22 11:11:59+00:00,forme,foam,,carbone,,,,,,
Raquette de padel Wilson Blade Junior V2,Wilson,Raquettes,83.9,3711,2023-02-06 09:36:05+00:00,,foam,,,,noir,,,,poids
Raquette de padel Wilson Blade LT V2,Wilson,Raquettes,149.9,3687,2023-01-25 10:57:41+00:00,forme,foam,,carbone,,,polyvalente,,,
Raquette de padel Starvie Titania Kepler Speed 2.0,Starvie,Raquettes,99.9,3666,2023-01-17 15:47:13+00:00,forme,mousse,,carbone,,,,,,poids
Raquette de padel Starvie Titania Kepler Pro 2.0,Starvie,Raquettes,179.9,3670,2023-01-18 13:41:31+00:00,forme,mousse,,carbone,,rouge,,balance,,poids
Raquette de padel Starvie Aquila Space 2.0,Starvie,Raquettes,125.9,3669,2023-01-18 10:21:09+00:00,forme,mousse,,carbone,,,polyvalente,balance,,poids
Raquette de padel Starvie Basalto Osiris Pro 2.0,Starvie,Raquettes,219.9,3667,2023-01-18 08:37:06+00:00,forme,mousse,expert,carbone,,,polyvalente,balance,,poids
Raquette de padel Starvie Metheora Dual 2023,Starvie,Raquettes,184.9,3635,2023-01-13 13:58:02+00:00,forme,mousse,,carbone,,noir,,balance,,poids
Raquette de padel Bullpadel Elite Light 2023,Bullpadel,Raquettes,99.9,3408,2022-12-01 16:46:05+00:00,,mousse,,carbone,,,polyvalente,,,poids
Raquette de padel Varlion Bourne Prisma Radio W,Varlion,Raquettes,179.9,3200,2022-11-02 09:29:19+00:00,forme,mousse,,carbone,,,,,,poids
Raquette de padel Starvie Comet,Starvie,Raquettes,129.9,2293,2022-06-14 14:31:37+00:00,forme,mousse,,carbone,,noir,,,,
Raquette de padel Starvie Tronix,Starvie,Raquettes,114.9,2292,2022-06-14 14:19:29+00:00,forme,mousse,expert,carbone,,,,,,
Raquette de padel Starvie Kraken Pro,Starvie,Raquettes,124.9,2291,2022-06-14 13:30:54+00:00,forme,mousse,,carbone,,,polyvalente,,,
Raquette de padel Starvie Kraken,Starvie,Raquettes,124.9,2290,2022-06-14 12:09:48+00:00,,mousse,,carbone,,,,,,
Raquette de padel Drop Shot Legend 3.0,Drop Shot,Raquettes,138.9,2265,2022-05-27 11:36:34+00:00,forme,mousse,,carbone,,,polyvalente,,,
Raquette de padel Drop Shot Explorer Pro Soft,Drop Shot,Raquettes,129.9,2258,2022-05-25 07:24:27+00:00,,mousse,,carbone,,,attaque,,,
Raquette de padel Royal Padel M27 Woman,Royal Padel,Raquettes,209.9,1237,2021-12-08 10:11:43+00:00,forme,mousse,,carbone,,,,,,
Raquette de padel Royal Padel EFE 771,Royal Padel,Raquettes,114.9,1235,2021-12-08 10:10:32+00:00,forme,mousse,,,,,,,,poids
Raquette de padel Starvie Titania Kepler,Starvie,Raquettes,104.9,1688,2022-03-08 15:19:01+00:00,forme,mousse,,carbone,,,,,,
Raquette de padel Dunlop Galactica Pro,Dunlop,Raquettes,149.9,1948,2022-04-12 11:11:21+00:00,forme,mousse,,carbone,,,,,,poids
Raquette de padel Black Crown Snake,Black Crown,Raquettes,89.9,1655,2022-02-17 13:16:13+00:00,forme,mousse,expert,carbone,,,,,,
Raquette de padel Starvie Vesta,Starvie,Raquettes,89.9,1511,2022-01-31 10:15:48+00:00,forme,mousse,,carbone,,,polyvalente,,,
Raquette de padel Slazenger Challenge N°4,Slazenger,Raquettes,209.9,687,2021-07-07 10:01:16+00:00,forme,mousse,,carbone,,,,,,poids
Raquette de padel Slazenger Challenge N°3,Slazenger,Raquettes,239.9,686,2021-07-07 09:49:28+00:00,forme,,,carbone,,noir,,,,poids
Raquette de padel Slazenger Challenge N°2,Slazenger,Raquettes,259.9,685,2021-07-06 11:21:59+00:00,forme,,,carbone,,,,,,poids
Raquette de padel Slazenger Challenge N°1,Slazenger,Raquettes,279.9,684,2021-07-06 11:09:27+00:00,forme,,,carbone,,noir,,,,poids
Raquette de padel Black Crown Piton Nakano 15K,Black Crown,Raquettes,119.9,978,2021-09-23 09:43:57+00:00,forme,,,carbone,,white,attaque,,,
Raquette de padel Starvie Titania Kepler Pro,Starvie,Raquettes,119.9,754,2021-07-15 09:34:58+00:00,forme,mousse,,carbone,,,,,,
Poids de manche pour raquettes Bullpadel,Bullpadel,Accessoire,9.95,357,2021-01-31 16:37:21+00:00,,,,,,,,,,weight
